Date,Close
2/5/1971 16:00:00,100
2/12/1971 16:00:00,102.05
2/19/1971 16:00:00,100.7
2/26/1971 16:00:00,101.34
3/5/1971 16:00:00,103
3/12/1971 16:00:00,104.5
3/19/1971 16:00:00,105.77
3/26/1971 16:00:00,105.07
4/2/1971 16:00:00,106.86
4/8/1971 16:00:00,108.38
4/16/1971 16:00:00,109.96
4/23/1971 16:00:00,110.69
4/30/1971 16:00:00,112.3
5/7/1971 16:00:00,110.66
5/14/1971 16:00:00,110.74
5/21/1971 16:00:00,108.85
5/28/1971 16:00:00,108.25
6/4/1971 16:00:00,110.66
6/11/1971 16:00:00,110.2
6/18/1971 16:00:00,108.16
6/25/1971 16:00:00,106.56
7/2/1971 16:00:00,108.77
7/9/1971 16:00:00,110.91
7/16/1971 16:00:00,109.98
7/23/1971 16:00:00,109.63
7/30/1971 16:00:00,105.27
8/6/1971 16:00:00,103.78
8/13/1971 16:00:00,105.44
8/20/1971 16:00:00,107.89
8/27/1971 16:00:00,109.3
9/3/1971 16:00:00,109.98
9/10/1971 16:00:00,110.42
9/17/1971 16:00:00,110.1
9/24/1971 16:00:00,108.88
10/1/1971 16:00:00,109.58
10/8/1971 16:00:00,110.74
10/15/1971 16:00:00,109.6
10/22/1971 16:00:00,106.8
10/29/1971 16:00:00,105.1
11/5/1971 16:00:00,105.46
11/12/1971 16:00:00,103.91
11/19/1971 16:00:00,102.95
11/26/1971 16:00:00,101.64
12/3/1971 16:00:00,107.26
12/10/1971 16:00:00,108.81
12/17/1971 16:00:00,110.52
12/23/1971 16:00:00,111.94
12/31/1971 16:00:00,114.12
1/7/1972 16:00:00,116.05
1/14/1972 16:00:00,116.74
1/21/1972 16:00:00,117.21
1/28/1972 16:00:00,118.44
2/4/1972 16:00:00,121.24
2/11/1972 16:00:00,122.86
2/18/1972 16:00:00,123.4
2/25/1972 16:00:00,124.83
3/3/1972 16:00:00,127.19
3/10/1972 16:00:00,128.55
3/17/1972 16:00:00,128.01
3/24/1972 16:00:00,127.55
3/30/1972 16:00:00,128.14
4/7/1972 16:00:00,131.8
4/14/1972 16:00:00,133.88
4/21/1972 16:00:00,133.01
4/28/1972 16:00:00,131.33
5/5/1972 16:00:00,129.43
5/12/1972 16:00:00,129.44
5/19/1972 16:00:00,132.16
5/26/1972 16:00:00,133.95
6/2/1972 16:00:00,133.52
6/9/1972 16:00:00,130.57
6/16/1972 16:00:00,131.28
6/23/1972 16:00:00,130.22
6/30/1972 16:00:00,130.08
7/7/1972 16:00:00,131.5
7/14/1972 16:00:00,129.38
7/21/1972 16:00:00,127.63
7/28/1972 16:00:00,128.15
8/4/1972 16:00:00,130.94
8/11/1972 16:00:00,131.68
8/18/1972 16:00:00,131.43
8/25/1972 16:00:00,130.31
9/1/1972 16:00:00,130.7
9/8/1972 16:00:00,129.13
9/15/1972 16:00:00,127.67
9/22/1972 16:00:00,127.46
9/29/1972 16:00:00,129.61
10/6/1972 16:00:00,128.13
10/13/1972 16:00:00,127.19
10/20/1972 16:00:00,128
10/27/1972 16:00:00,129.53
11/3/1972 16:00:00,133.34
11/10/1972 16:00:00,133.12
11/17/1972 16:00:00,132.33
11/24/1972 16:00:00,133.02
12/1/1972 16:00:00,133.94
12/8/1972 16:00:00,135.15
12/15/1972 16:00:00,133.53
12/22/1972 16:00:00,131.28
12/29/1972 16:00:00,133.73
1/5/1973 16:00:00,135.91
1/12/1973 16:00:00,136.01
1/19/1973 16:00:00,133.87
1/26/1973 16:00:00,129.76
2/2/1973 16:00:00,126.48
2/9/1973 16:00:00,125.86
2/16/1973 16:00:00,124.55
2/23/1973 16:00:00,122.34
3/2/1973 16:00:00,120.11
3/9/1973 16:00:00,121.99
3/16/1973 16:00:00,121.22
3/23/1973 16:00:00,115.47
3/30/1973 16:00:00,117.46
4/6/1973 16:00:00,113.27
4/13/1973 16:00:00,115.22
4/19/1973 16:00:00,114.15
4/27/1973 16:00:00,108.4
5/4/1973 16:00:00,110.89
5/11/1973 16:00:00,109.1
5/18/1973 16:00:00,102.89
5/25/1973 16:00:00,105.17
6/1/1973 16:00:00,102.3
6/8/1973 16:00:00,103.72
6/15/1973 16:00:00,102.26
6/22/1973 16:00:00,100.99
6/29/1973 16:00:00,100.98
7/6/1973 16:00:00,99.48
7/13/1973 16:00:00,103.03
7/20/1973 16:00:00,107.68
7/27/1973 16:00:00,109.36
8/3/1973 16:00:00,106.82
8/10/1973 16:00:00,105.32
8/17/1973 16:00:00,103.71
8/24/1973 16:00:00,102.4
8/31/1973 16:00:00,104.87
9/7/1973 16:00:00,107.02
9/14/1973 16:00:00,106.07
9/21/1973 16:00:00,109.46
9/28/1973 16:00:00,111.2
10/5/1973 16:00:00,112.56
10/12/1973 16:00:00,114.1
10/19/1973 16:00:00,113.25
10/26/1973 16:00:00,112.79
11/2/1973 16:00:00,108.93
11/9/1973 16:00:00,105.77
11/16/1973 16:00:00,101.38
11/23/1973 16:00:00,97.3
11/30/1973 16:00:00,93.51
12/7/1973 16:00:00,92.32
12/14/1973 16:00:00,89.63
12/21/1973 16:00:00,89.52
12/28/1973 16:00:00,91.68
1/4/1974 16:00:00,94.1
1/11/1974 16:00:00,92.23
1/18/1974 16:00:00,95.32
1/25/1974 16:00:00,95.4
2/1/1974 16:00:00,94.15
2/8/1974 16:00:00,92.2
2/15/1974 16:00:00,90.98
2/22/1974 16:00:00,92.93
3/1/1974 16:00:00,94.05
3/8/1974 16:00:00,95.17
3/15/1974 16:00:00,96.53
3/22/1974 16:00:00,95.45
3/29/1974 16:00:00,92.27
4/5/1974 16:00:00,90.7
4/11/1974 16:00:00,89.79
4/19/1974 16:00:00,90.31
4/26/1974 16:00:00,86.24
5/3/1974 16:00:00,87.47
5/10/1974 16:00:00,84.3
5/17/1974 16:00:00,81.93
5/24/1974 16:00:00,81.45
5/31/1974 16:00:00,80.2
6/7/1974 16:00:00,83.71
6/14/1974 16:00:00,82.76
6/21/1974 16:00:00,79.11
6/28/1974 16:00:00,75.96
7/5/1974 16:00:00,73.57
7/12/1974 16:00:00,71.68
7/19/1974 16:00:00,73.4
7/26/1974 16:00:00,72.83
8/2/1974 16:00:00,69.4
8/9/1974 16:00:00,70.69
8/16/1974 16:00:00,65.86
8/23/1974 16:00:00,62.57
8/30/1974 16:00:00,62.37
9/6/1974 16:00:00,60.7
9/13/1974 16:00:00,56.66
9/20/1974 16:00:00,59.9
9/27/1974 16:00:00,57.12
10/4/1974 16:00:00,55.16
10/11/1974 16:00:00,60.42
10/18/1974 16:00:00,62.75
10/25/1974 16:00:00,62.88
11/1/1974 16:00:00,65.06
11/8/1974 16:00:00,66.51
11/15/1974 16:00:00,64.41
11/22/1974 16:00:00,62.07
11/29/1974 16:00:00,62.95
12/6/1974 16:00:00,58.21
12/13/1974 16:00:00,59.22
12/20/1974 16:00:00,58.67
12/27/1974 16:00:00,58.74
1/3/1975 16:00:00,61.23
1/10/1975 16:00:00,63.69
1/17/1975 16:00:00,64.4
1/24/1975 16:00:00,65.38
1/31/1975 16:00:00,69.78
2/7/1975 16:00:00,71.12
2/14/1975 16:00:00,73.26
2/21/1975 16:00:00,73.79
2/28/1975 16:00:00,73
3/7/1975 16:00:00,74.4
3/14/1975 16:00:00,76.07
3/21/1975 16:00:00,75.92
3/27/1975 16:00:00,76.18
4/4/1975 16:00:00,74.73
4/11/1975 16:00:00,76.31
4/18/1975 16:00:00,78.08
4/25/1975 16:00:00,78.64
5/2/1975 16:00:00,80.25
5/9/1975 16:00:00,82.82
5/16/1975 16:00:00,82.44
5/23/1975 16:00:00,82.62
5/30/1975 16:00:00,83.1
6/6/1975 16:00:00,84.77
6/13/1975 16:00:00,83.43
6/20/1975 16:00:00,85.24
6/27/1975 16:00:00,86.5
7/3/1975 16:00:00,86.2
7/11/1975 16:00:00,87.2
7/18/1975 16:00:00,87.02
7/25/1975 16:00:00,83.6
8/1/1975 16:00:00,81.62
8/8/1975 16:00:00,79.55
8/15/1975 16:00:00,78.58
8/22/1975 16:00:00,76.45
8/29/1975 16:00:00,79.01
9/5/1975 16:00:00,77.78
9/12/1975 16:00:00,74.72
9/19/1975 16:00:00,76.39
9/26/1975 16:00:00,76.14
10/3/1975 16:00:00,75.5
10/10/1975 16:00:00,76.96
10/17/1975 16:00:00,77.63
10/24/1975 16:00:00,78.62
10/31/1975 16:00:00,76.99
11/7/1975 16:00:00,77.21
11/14/1975 16:00:00,78.98
11/21/1975 16:00:00,77.74
11/28/1975 16:00:00,78.8
12/5/1975 16:00:00,74.72
12/12/1975 16:00:00,74.91
12/19/1975 16:00:00,75.92
12/26/1975 16:00:00,77.13
1/2/1976 16:00:00,78.06
1/9/1976 16:00:00,82.31
1/16/1976 16:00:00,84.3
1/23/1976 16:00:00,85.26
1/30/1976 16:00:00,87.05
2/6/1976 16:00:00,87.25
2/13/1976 16:00:00,88.96
2/20/1976 16:00:00,91.02
2/27/1976 16:00:00,90.26
3/5/1976 16:00:00,89.47
3/12/1976 16:00:00,90.99
3/19/1976 16:00:00,89.54
3/26/1976 16:00:00,90.89
4/2/1976 16:00:00,90.63
4/9/1976 16:00:00,88.89
4/15/1976 16:00:00,89.17
4/23/1976 16:00:00,90.6
4/30/1976 16:00:00,90.08
5/7/1976 16:00:00,90.02
5/14/1976 16:00:00,89.78
5/21/1976 16:00:00,89.39
5/28/1976 16:00:00,88.04
6/4/1976 16:00:00,87.75
6/11/1976 16:00:00,87.71
6/18/1976 16:00:00,90.05
6/25/1976 16:00:00,90.05
7/2/1976 16:00:00,90.88
7/9/1976 16:00:00,91.48
7/16/1976 16:00:00,92.4
7/23/1976 16:00:00,91.6
7/30/1976 16:00:00,91.29
8/6/1976 16:00:00,91.64
8/13/1976 16:00:00,91.81
8/20/1976 16:00:00,90.19
8/27/1976 16:00:00,89.14
9/3/1976 16:00:00,91.02
9/10/1976 16:00:00,91.19
9/17/1976 16:00:00,91.61
9/24/1976 16:00:00,92.31
10/1/1976 16:00:00,90.44
10/8/1976 16:00:00,89.38
10/15/1976 16:00:00,89.06
10/22/1976 16:00:00,89.26
10/29/1976 16:00:00,90.35
11/5/1976 16:00:00,89.47
11/12/1976 16:00:00,88.1
11/19/1976 16:00:00,89.97
11/26/1976 16:00:00,91.42
12/3/1976 16:00:00,92.31
12/10/1976 16:00:00,94.62
12/17/1976 16:00:00,94.64
12/23/1976 16:00:00,95.22
12/31/1976 16:00:00,97.88
1/7/1977 16:00:00,97.53
1/14/1977 16:00:00,97.2
1/21/1977 16:00:00,97.32
1/28/1977 16:00:00,95.72
2/4/1977 16:00:00,96.74
2/11/1977 16:00:00,96.09
2/18/1977 16:00:00,96.38
2/25/1977 16:00:00,94.9
3/4/1977 16:00:00,96.07
3/11/1977 16:00:00,96.07
3/18/1977 16:00:00,96.44
3/25/1977 16:00:00,95.28
4/1/1977 16:00:00,94.54
4/7/1977 16:00:00,94.03
4/15/1977 16:00:00,96.26
4/22/1977 16:00:00,95.12
4/29/1977 16:00:00,95.48
5/6/1977 16:00:00,96.9
5/13/1977 16:00:00,97.41
5/20/1977 16:00:00,98
5/27/1977 16:00:00,95.9
6/3/1977 16:00:00,96.19
6/10/1977 16:00:00,97.07
6/17/1977 16:00:00,98.61
6/24/1977 16:00:00,99.66
7/1/1977 16:00:00,99.9
7/8/1977 16:00:00,100.81
7/15/1977 16:00:00,101.41
7/22/1977 16:00:00,103.11
7/29/1977 16:00:00,100.65
8/5/1977 16:00:00,100.86
8/12/1977 16:00:00,100.76
8/19/1977 16:00:00,100.85
8/26/1977 16:00:00,99.89
9/2/1977 16:00:00,100.83
9/9/1977 16:00:00,100.91
9/16/1977 16:00:00,100.74
9/23/1977 16:00:00,99.57
9/30/1977 16:00:00,100.85
10/7/1977 16:00:00,101.62
10/14/1977 16:00:00,99.05
10/21/1977 16:00:00,98.54
10/28/1977 16:00:00,97.49
11/4/1977 16:00:00,97.21
11/11/1977 16:00:00,100.94
11/18/1977 16:00:00,102.22
11/25/1977 16:00:00,104.33
12/2/1977 16:00:00,104.1
12/9/1977 16:00:00,103.57
12/16/1977 16:00:00,104.05
12/23/1977 16:00:00,103.94
12/30/1977 16:00:00,105.05
1/6/1978 16:00:00,101.66
1/13/1978 16:00:00,99.77
1/20/1978 16:00:00,100.63
1/27/1978 16:00:00,100.62
2/3/1978 16:00:00,102.22
2/10/1978 16:00:00,103.58
2/17/1978 16:00:00,102.25
2/24/1978 16:00:00,102.7
3/3/1978 16:00:00,101.95
3/10/1978 16:00:00,103.42
3/17/1978 16:00:00,104.94
3/23/1978 16:00:00,105.39
3/31/1978 16:00:00,106.2
4/7/1978 16:00:00,108.23
4/14/1978 16:00:00,111.29
4/21/1978 16:00:00,113.32
4/28/1978 16:00:00,115.18
5/5/1978 16:00:00,117.27
5/12/1978 16:00:00,119.4
5/19/1978 16:00:00,121.57
5/26/1978 16:00:00,119.86
6/2/1978 16:00:00,121.03
6/9/1978 16:00:00,124.41
6/16/1978 16:00:00,123.69
6/23/1978 16:00:00,120.74
6/30/1978 16:00:00,120.3
7/7/1978 16:00:00,119.16
7/14/1978 16:00:00,121.58
7/21/1978 16:00:00,123.6
7/28/1978 16:00:00,125.62
8/4/1978 16:00:00,129.71
8/11/1978 16:00:00,132
8/18/1978 16:00:00,134.71
8/25/1978 16:00:00,135.84
9/1/1978 16:00:00,135.35
9/8/1978 16:00:00,138.36
9/15/1978 16:00:00,137.36
9/22/1978 16:00:00,132.3
9/29/1978 16:00:00,132.89
10/6/1978 16:00:00,134
10/13/1978 16:00:00,135.58
10/20/1978 16:00:00,123.82
10/27/1978 16:00:00,115.25
11/3/1978 16:00:00,115.49
11/10/1978 16:00:00,114.84
11/17/1978 16:00:00,113.69
11/24/1978 16:00:00,116.17
12/1/1978 16:00:00,116.19
12/8/1978 16:00:00,118.77
12/15/1978 16:00:00,117.41
12/22/1978 16:00:00,116.93
12/29/1978 16:00:00,117.98
1/5/1979 16:00:00,122.05
1/12/1979 16:00:00,123.74
1/19/1979 16:00:00,124.65
1/26/1979 16:00:00,127.04
2/2/1979 16:00:00,125.82
2/9/1979 16:00:00,123.76
2/16/1979 16:00:00,125.57
2/23/1979 16:00:00,125.04
3/2/1979 16:00:00,123.67
3/9/1979 16:00:00,127.25
3/16/1979 16:00:00,128.55
3/23/1979 16:00:00,130.58
3/30/1979 16:00:00,131.76
4/6/1979 16:00:00,133.75
4/12/1979 16:00:00,133.54
4/20/1979 16:00:00,133.67
4/27/1979 16:00:00,134.37
5/4/1979 16:00:00,133.72
5/11/1979 16:00:00,129.69
5/18/1979 16:00:00,131.01
5/25/1979 16:00:00,132.68
6/1/1979 16:00:00,131.76
6/8/1979 16:00:00,134.96
6/15/1979 16:00:00,136.25
6/22/1979 16:00:00,137.24
6/29/1979 16:00:00,138.13
7/6/1979 16:00:00,138.64
7/13/1979 16:00:00,138.52
7/20/1979 16:00:00,137.98
7/27/1979 16:00:00,140.02
8/3/1979 16:00:00,142.63
8/10/1979 16:00:00,145.07
8/17/1979 16:00:00,147.84
8/24/1979 16:00:00,149.4
8/31/1979 16:00:00,150.44
9/7/1979 16:00:00,148.07
9/14/1979 16:00:00,150.56
9/21/1979 16:00:00,150.65
9/28/1979 16:00:00,149.98
10/5/1979 16:00:00,152.29
10/12/1979 16:00:00,140.71
10/19/1979 16:00:00,136.59
10/26/1979 16:00:00,133.75
11/2/1979 16:00:00,136.88
11/9/1979 16:00:00,135.86
11/16/1979 16:00:00,139.07
11/23/1979 16:00:00,139.85
11/30/1979 16:00:00,144.26
12/7/1979 16:00:00,147.49
12/14/1979 16:00:00,150.03
12/21/1979 16:00:00,150.17
12/28/1979 16:00:00,150.83
1/4/1980 16:00:00,148.02
1/11/1980 16:00:00,153.87
1/18/1980 16:00:00,156.14
1/25/1980 16:00:00,159.7
2/1/1980 16:00:00,162.3
2/8/1980 16:00:00,165.25
2/15/1980 16:00:00,162.56
2/22/1980 16:00:00,160.08
2/29/1980 16:00:00,158.03
3/7/1980 16:00:00,146.19
3/14/1980 16:00:00,144.44
3/21/1980 16:00:00,138.8
3/28/1980 16:00:00,129.25
4/3/1980 16:00:00,136.01
4/11/1980 16:00:00,137.75
4/18/1980 16:00:00,134.66
4/25/1980 16:00:00,137.92
5/2/1980 16:00:00,140.25
5/9/1980 16:00:00,143.06
5/16/1980 16:00:00,147.24
5/23/1980 16:00:00,149.48
5/30/1980 16:00:00,150.45
6/6/1980 16:00:00,152.68
6/13/1980 16:00:00,156.59
6/20/1980 16:00:00,156.51
6/27/1980 16:00:00,159.18
7/3/1980 16:00:00,160.87
7/11/1980 16:00:00,164.82
7/18/1980 16:00:00,169.99
7/25/1980 16:00:00,169.63
8/1/1980 16:00:00,172.49
8/8/1980 16:00:00,175.88
8/15/1980 16:00:00,179.89
8/22/1980 16:00:00,181.7
8/29/1980 16:00:00,181.52
9/5/1980 16:00:00,185.61
9/12/1980 16:00:00,189.58
9/19/1980 16:00:00,195.33
9/26/1980 16:00:00,190.77
10/3/1980 16:00:00,193.43
10/10/1980 16:00:00,197.79
10/17/1980 16:00:00,197.24
10/24/1980 16:00:00,196.17
10/31/1980 16:00:00,192.78
11/7/1980 16:00:00,193.51
11/14/1980 16:00:00,201.76
11/21/1980 16:00:00,206.07
11/28/1980 16:00:00,208.15
12/5/1980 16:00:00,203.02
12/12/1980 16:00:00,191.22
12/19/1980 16:00:00,197.91
12/26/1980 16:00:00,201.28
1/2/1981 16:00:00,203.55
1/9/1981 16:00:00,197.66
1/16/1981 16:00:00,201.13
1/23/1981 16:00:00,197.52
1/30/1981 16:00:00,197.81
2/6/1981 16:00:00,197.87
2/13/1981 16:00:00,193.89
2/20/1981 16:00:00,192.29
2/27/1981 16:00:00,198.01
3/6/1981 16:00:00,199.89
3/13/1981 16:00:00,202.17
3/20/1981 16:00:00,206.29
3/27/1981 16:00:00,208.82
4/3/1981 16:00:00,212.65
4/10/1981 16:00:00,215.15
4/16/1981 16:00:00,216.64
4/24/1981 16:00:00,219.56
5/1/1981 16:00:00,216.68
5/8/1981 16:00:00,214.84
5/15/1981 16:00:00,216.51
5/22/1981 16:00:00,219.23
5/29/1981 16:00:00,223.47
6/5/1981 16:00:00,221.3
6/12/1981 16:00:00,222.76
6/19/1981 16:00:00,219.56
6/26/1981 16:00:00,219.76
7/2/1981 16:00:00,212.8
7/10/1981 16:00:00,210.54
7/17/1981 16:00:00,212.76
7/24/1981 16:00:00,208
7/31/1981 16:00:00,211.63
8/7/1981 16:00:00,211.36
8/14/1981 16:00:00,212.12
8/21/1981 16:00:00,206.76
8/28/1981 16:00:00,197.55
9/4/1981 16:00:00,189.63
9/11/1981 16:00:00,189.81
9/18/1981 16:00:00,184.27
9/25/1981 16:00:00,175.12
10/2/1981 16:00:00,184.37
10/9/1981 16:00:00,191.27
10/16/1981 16:00:00,190.24
10/23/1981 16:00:00,191.91
10/30/1981 16:00:00,195.24
11/6/1981 16:00:00,199.97
11/13/1981 16:00:00,200.16
11/20/1981 16:00:00,198.6
11/27/1981 16:00:00,201.02
12/4/1981 16:00:00,200.88
12/11/1981 16:00:00,198.64
12/18/1981 16:00:00,197.01
12/24/1981 16:00:00,195.7
12/31/1981 16:00:00,195.84
1/8/1982 16:00:00,192.05
1/15/1982 16:00:00,187.32
1/22/1982 16:00:00,185.83
1/29/1982 16:00:00,188.39
2/5/1982 16:00:00,188.21
2/12/1982 16:00:00,182.52
2/19/1982 16:00:00,180.65
2/26/1982 16:00:00,179.43
3/5/1982 16:00:00,173.97
3/12/1982 16:00:00,168.23
3/19/1982 16:00:00,171.76
3/26/1982 16:00:00,175.2
4/2/1982 16:00:00,178.56
4/8/1982 16:00:00,181.15
4/16/1982 16:00:00,182.25
4/23/1982 16:00:00,184.93
4/30/1982 16:00:00,184.7
5/7/1982 16:00:00,188.13
5/14/1982 16:00:00,188.22
5/21/1982 16:00:00,182.4
5/28/1982 16:00:00,178.54
6/4/1982 16:00:00,174.82
6/11/1982 16:00:00,173.55
6/18/1982 16:00:00,168.5
6/25/1982 16:00:00,170.48
7/2/1982 16:00:00,170.05
7/9/1982 16:00:00,168.07
7/16/1982 16:00:00,170.18
7/23/1982 16:00:00,172.11
7/30/1982 16:00:00,167.35
8/6/1982 16:00:00,163.59
8/13/1982 16:00:00,159.14
8/20/1982 16:00:00,166.96
8/27/1982 16:00:00,177.6
9/3/1982 16:00:00,182.05
9/10/1982 16:00:00,182.47
9/17/1982 16:00:00,186.61
9/24/1982 16:00:00,188.61
10/1/1982 16:00:00,188.7
10/8/1982 16:00:00,198.89
10/15/1982 16:00:00,204.46
10/22/1982 16:00:00,215.29
10/29/1982 16:00:00,212.63
11/5/1982 16:00:00,227.03
11/12/1982 16:00:00,232.61
11/19/1982 16:00:00,229.41
11/26/1982 16:00:00,228.64
12/3/1982 16:00:00,237.16
12/10/1982 16:00:00,233.85
12/17/1982 16:00:00,228.93
12/23/1982 16:00:00,232.33
12/31/1982 16:00:00,232.41
1/7/1983 16:00:00,238.6
1/14/1983 16:00:00,245.63
1/21/1983 16:00:00,243.97
1/28/1983 16:00:00,246.93
2/4/1983 16:00:00,251.65
2/11/1983 16:00:00,256.64
2/18/1983 16:00:00,261.29
2/25/1983 16:00:00,262.44
3/4/1983 16:00:00,265.94
3/11/1983 16:00:00,266.18
3/18/1983 16:00:00,265.01
3/25/1983 16:00:00,270.89
3/31/1983 16:00:00,270.8
4/8/1983 16:00:00,268.1
4/15/1983 16:00:00,281.6
4/22/1983 16:00:00,288.55
4/29/1983 16:00:00,293.06
5/6/1983 16:00:00,301.64
5/13/1983 16:00:00,303.94
5/20/1983 16:00:00,303.56
5/27/1983 16:00:00,312.05
6/3/1983 16:00:00,313.85
6/10/1983 16:00:00,315.24
6/17/1983 16:00:00,326.11
6/24/1983 16:00:00,328.91
7/1/1983 16:00:00,321.58
7/8/1983 16:00:00,319.57
7/15/1983 16:00:00,312.87
7/22/1983 16:00:00,320.71
7/29/1983 16:00:00,303.96
8/5/1983 16:00:00,300.2
8/12/1983 16:00:00,299.58
8/19/1983 16:00:00,299.1
8/26/1983 16:00:00,290.31
9/2/1983 16:00:00,297.85
9/9/1983 16:00:00,302.23
9/16/1983 16:00:00,298.27
9/23/1983 16:00:00,303.61
9/30/1983 16:00:00,296.65
10/7/1983 16:00:00,297.36
10/14/1983 16:00:00,289.65
10/21/1983 16:00:00,279.49
10/28/1983 16:00:00,276.14
11/4/1983 16:00:00,273.17
11/11/1983 16:00:00,277.13
11/18/1983 16:00:00,281.28
11/25/1983 16:00:00,285.49
12/2/1983 16:00:00,283.91
12/9/1983 16:00:00,280.51
12/16/1983 16:00:00,276.01
12/23/1983 16:00:00,276.54
12/30/1983 16:00:00,278.6
1/6/1984 16:00:00,287.9
1/13/1984 16:00:00,286.85
1/20/1984 16:00:00,284.41
1/27/1984 16:00:00,273.18
2/3/1984 16:00:00,264.01
2/10/1984 16:00:00,254.04
2/17/1984 16:00:00,251.33
2/24/1984 16:00:00,251.44
3/2/1984 16:00:00,255.54
3/9/1984 16:00:00,249.01
3/16/1984 16:00:00,253.37
3/23/1984 16:00:00,249.98
3/30/1984 16:00:00,250.78
4/6/1984 16:00:00,243.94
4/13/1984 16:00:00,244.01
4/19/1984 16:00:00,245.35
4/27/1984 16:00:00,246.9
5/4/1984 16:00:00,250.89
5/11/1984 16:00:00,250.57
5/18/1984 16:00:00,244.61
5/25/1984 16:00:00,235.23
6/1/1984 16:00:00,235.9
6/8/1984 16:00:00,240.35
6/15/1984 16:00:00,235.64
6/22/1984 16:00:00,241.11
6/29/1984 16:00:00,239.65
7/6/1984 16:00:00,236.72
7/13/1984 16:00:00,234.67
7/20/1984 16:00:00,229.37
7/27/1984 16:00:00,229.3
8/3/1984 16:00:00,246.24
8/10/1984 16:00:00,252.43
8/17/1984 16:00:00,250.37
8/24/1984 16:00:00,254.78
8/31/1984 16:00:00,254.64
9/7/1984 16:00:00,251.68
9/14/1984 16:00:00,255.6
9/21/1984 16:00:00,252.68
9/28/1984 16:00:00,249.94
10/5/1984 16:00:00,245.46
10/12/1984 16:00:00,246.2
10/19/1984 16:00:00,251.2
10/26/1984 16:00:00,247.4
11/2/1984 16:00:00,248
11/9/1984 16:00:00,249.5
11/16/1984 16:00:00,245.1
11/23/1984 16:00:00,245.3
11/30/1984 16:00:00,242.4
12/7/1984 16:00:00,239.3
12/14/1984 16:00:00,239
12/21/1984 16:00:00,244.8
12/28/1984 16:00:00,245.9
1/4/1985 16:00:00,246.1
1/11/1985 16:00:00,252.2
1/18/1985 16:00:00,263.1
1/25/1985 16:00:00,274
2/1/1985 16:00:00,278.4
2/8/1985 16:00:00,288.4
2/15/1985 16:00:00,287.7
2/22/1985 16:00:00,286.2
3/1/1985 16:00:00,287.2
3/8/1985 16:00:00,282.4
3/15/1985 16:00:00,278
3/22/1985 16:00:00,278.9
3/29/1985 16:00:00,279.2
4/4/1985 16:00:00,277.4
4/12/1985 16:00:00,280.6
4/19/1985 16:00:00,282.8
4/26/1985 16:00:00,284.1
5/3/1985 16:00:00,280.3
5/10/1985 16:00:00,287.5
5/17/1985 16:00:00,291.7
5/24/1985 16:00:00,292.1
5/31/1985 16:00:00,290.8
6/7/1985 16:00:00,291
6/14/1985 16:00:00,288
6/21/1985 16:00:00,288.7
6/28/1985 16:00:00,296.2
7/5/1985 16:00:00,298.6
7/12/1985 16:00:00,302.4
7/19/1985 16:00:00,307.8
7/26/1985 16:00:00,304.6
8/2/1985 16:00:00,304.5
8/9/1985 16:00:00,299.1
8/16/1985 16:00:00,296.5
8/23/1985 16:00:00,296.7
8/30/1985 16:00:00,297.7
9/6/1985 16:00:00,296.2
9/13/1985 16:00:00,287.2
9/20/1985 16:00:00,284.4
9/26/1985 16:00:00,280.2
10/4/1985 16:00:00,280.5
10/11/1985 16:00:00,281.8
10/18/1985 16:00:00,288.4
10/25/1985 16:00:00,289.5
11/1/1985 16:00:00,294.1
11/8/1985 16:00:00,300
11/15/1985 16:00:00,306.2
11/22/1985 16:00:00,310.8
11/29/1985 16:00:00,314
12/6/1985 16:00:00,316.6
12/13/1985 16:00:00,324
12/20/1985 16:00:00,323.1
12/27/1985 16:00:00,322.8
1/3/1986 16:00:00,325.7
1/10/1986 16:00:00,324.4
1/17/1986 16:00:00,330.7
1/24/1986 16:00:00,328.9
1/31/1986 16:00:00,335.8
2/7/1986 16:00:00,342.2
2/14/1986 16:00:00,350.2
2/21/1986 16:00:00,355.65
2/28/1986 16:00:00,359.5
3/7/1986 16:00:00,362.2
3/14/1986 16:00:00,371.8
3/21/1986 16:00:00,372.6
3/27/1986 16:00:00,373.3
4/4/1986 16:00:00,372.2
4/11/1986 16:00:00,378.9
4/18/1986 16:00:00,390.1
4/25/1986 16:00:00,392.3
5/2/1986 16:00:00,383.2
5/9/1986 16:00:00,389.1
5/16/1986 16:00:00,384.7
5/23/1986 16:00:00,391.9
5/30/1986 16:00:00,400.2
6/6/1986 16:00:00,400.3
6/13/1986 16:00:00,399.6
6/20/1986 16:00:00,396.9
6/27/1986 16:00:00,403.6
7/3/1986 16:00:00,411.2
7/11/1986 16:00:00,391.6
7/18/1986 16:00:00,381.1
7/25/1986 16:00:00,379.8
8/1/1986 16:00:00,370.7
8/8/1986 16:00:00,365.8
8/15/1986 16:00:00,380.2
8/22/1986 16:00:00,381.5
8/29/1986 16:00:00,382.9
9/5/1986 16:00:00,378.4
9/12/1986 16:00:00,346.8
9/19/1986 16:00:00,349.4
9/26/1986 16:00:00,351.6
10/3/1986 16:00:00,352.8
10/10/1986 16:00:00,353.5
10/17/1986 16:00:00,355.7
10/24/1986 16:00:00,356.7
10/31/1986 16:00:00,360.8
11/7/1986 16:00:00,361
11/14/1986 16:00:00,358.5
11/21/1986 16:00:00,354.7
11/28/1986 16:00:00,359.6
12/5/1986 16:00:00,363
12/12/1986 16:00:00,355.9
12/19/1986 16:00:00,352.2
12/26/1986 16:00:00,349.9
1/2/1987 16:00:00,353.2
1/9/1987 16:00:00,380.7
1/16/1987 16:00:00,389.9
1/23/1987 16:00:00,392.2
1/30/1987 16:00:00,392.1
2/6/1987 16:00:00,406.9
2/13/1987 16:00:00,412.5
2/20/1987 16:00:00,417.2
2/27/1987 16:00:00,425
3/6/1987 16:00:00,429.5
3/13/1987 16:00:00,432
3/20/1987 16:00:00,439.6
3/27/1987 16:00:00,436.6
4/3/1987 16:00:00,437.4
4/10/1987 16:00:00,430.9
4/16/1987 16:00:00,419.5
4/24/1987 16:00:00,412.6
5/1/1987 16:00:00,418.4
5/8/1987 16:00:00,423.2
5/15/1987 16:00:00,418.9
5/22/1987 16:00:00,407.4
5/29/1987 16:00:00,416.5
6/5/1987 16:00:00,417.8
6/12/1987 16:00:00,425.4
6/19/1987 16:00:00,429.1
6/26/1987 16:00:00,426.7
7/2/1987 16:00:00,425.9
7/10/1987 16:00:00,426
7/17/1987 16:00:00,434.1
7/24/1987 16:00:00,429.1
7/31/1987 16:00:00,434.9
8/7/1987 16:00:00,443.6
8/14/1987 16:00:00,451.6
8/21/1987 16:00:00,455.2
8/28/1987 16:00:00,453.3
9/4/1987 16:00:00,446.5
9/11/1987 16:00:00,446.2
9/18/1987 16:00:00,440.9
9/25/1987 16:00:00,441.9
10/2/1987 16:00:00,451.6
10/9/1987 16:00:00,438.4
10/16/1987 16:00:00,406.3
10/23/1987 16:00:00,328.5
10/30/1987 16:00:00,323.3
11/6/1987 16:00:00,326.4
11/13/1987 16:00:00,323
11/20/1987 16:00:00,312.5
11/27/1987 16:00:00,316.5
12/4/1987 16:00:00,292.9
12/11/1987 16:00:00,302.6
12/18/1987 16:00:00,326.9
12/24/1987 16:00:00,333.2
1/1/1988 16:00:00,338.48
1/8/1988 16:00:00,338.5
1/15/1988 16:00:00,340.1
1/22/1988 16:00:00,337.6
1/29/1988 16:00:00,344.7
2/5/1988 16:00:00,345.8
2/12/1988 16:00:00,353.3
2/19/1988 16:00:00,357.1
2/26/1988 16:00:00,363.4
3/4/1988 16:00:00,373.4
3/11/1988 16:00:00,375.5
3/18/1988 16:00:00,381.6
3/25/1988 16:00:00,372.5
3/31/1988 16:00:00,374.6
4/8/1988 16:00:00,381.8
4/15/1988 16:00:00,373.9
4/22/1988 16:00:00,374
4/29/1988 16:00:00,379.2
5/6/1988 16:00:00,379.4
5/13/1988 16:00:00,372.5
5/20/1988 16:00:00,366
5/27/1988 16:00:00,366.7
6/3/1988 16:00:00,376.9
6/10/1988 16:00:00,386.3
6/17/1988 16:00:00,386.9
6/24/1988 16:00:00,391.6
7/1/1988 16:00:00,394.7
7/8/1988 16:00:00,394.3
7/15/1988 16:00:00,395
7/22/1988 16:00:00,387.4
7/29/1988 16:00:00,387.3
8/5/1988 16:00:00,387.7
8/12/1988 16:00:00,379
8/19/1988 16:00:00,377.4
8/26/1988 16:00:00,374.4
9/2/1988 16:00:00,376.5
9/9/1988 16:00:00,381.6
9/16/1988 16:00:00,383.9
9/23/1988 16:00:00,385
9/30/1988 16:00:00,387.7
10/7/1988 16:00:00,385.7
10/14/1988 16:00:00,384.6
10/21/1988 16:00:00,388.6
10/28/1988 16:00:00,382.8
11/4/1988 16:00:00,381
11/11/1988 16:00:00,373.8
11/18/1988 16:00:00,367.6
11/25/1988 16:00:00,366.4
12/2/1988 16:00:00,373.9
12/9/1988 16:00:00,375.2
12/16/1988 16:00:00,375.8
12/23/1988 16:00:00,377.3
12/30/1988 16:00:00,381.4
1/6/1989 16:00:00,384.7
1/13/1989 16:00:00,387.1
1/20/1989 16:00:00,391.7
1/27/1989 16:00:00,398
2/3/1989 16:00:00,406.4
2/10/1989 16:00:00,402.4
2/17/1989 16:00:00,407.2
2/24/1989 16:00:00,400
3/3/1989 16:00:00,404
3/10/1989 16:00:00,405.9
3/17/1989 16:00:00,402.2
3/23/1989 16:00:00,400.9
3/31/1989 16:00:00,406.7
4/7/1989 16:00:00,410.7
4/14/1989 16:00:00,417.7
4/21/1989 16:00:00,423.8
4/28/1989 16:00:00,427.6
5/5/1989 16:00:00,430.7
5/12/1989 16:00:00,434.8
5/19/1989 16:00:00,442.1
5/26/1989 16:00:00,445.2
6/2/1989 16:00:00,451.6
6/9/1989 16:00:00,453.7
6/16/1989 16:00:00,447.2
6/23/1989 16:00:00,448.4
6/30/1989 16:00:00,435.3
7/7/1989 16:00:00,442.4
7/14/1989 16:00:00,448.9
7/21/1989 16:00:00,449.3
7/28/1989 16:00:00,452.8
8/4/1989 16:00:00,457.4
8/11/1989 16:00:00,462.5
8/18/1989 16:00:00,462
8/25/1989 16:00:00,466.8
9/1/1989 16:00:00,471.3
9/8/1989 16:00:00,471.3
9/15/1989 16:00:00,467.6
9/22/1989 16:00:00,468.1
9/29/1989 16:00:00,472.9
10/6/1989 16:00:00,483.6
10/13/1989 16:00:00,467.3
10/20/1989 16:00:00,470.7
10/27/1989 16:00:00,452.8
11/3/1989 16:00:00,453
11/10/1989 16:00:00,456.2
11/17/1989 16:00:00,456.7
11/24/1989 16:00:00,456.6
12/1/1989 16:00:00,457.1
12/8/1989 16:00:00,456.2
12/15/1989 16:00:00,443.8
12/22/1989 16:00:00,444.6
12/29/1989 16:00:00,454.8
1/5/1990 16:00:00,458.2
1/12/1990 16:00:00,439.7
1/19/1990 16:00:00,440.9
1/26/1990 16:00:00,421.3
2/2/1990 16:00:00,422.2
2/9/1990 16:00:00,428.8
2/16/1990 16:00:00,429
2/23/1990 16:00:00,419.5
3/2/1990 16:00:00,431
3/9/1990 16:00:00,436.8
3/16/1990 16:00:00,442.2
3/23/1990 16:00:00,437.3
3/30/1990 16:00:00,435.5
4/6/1990 16:00:00,430.9
4/12/1990 16:00:00,436.3
4/20/1990 16:00:00,425.8
4/27/1990 16:00:00,418
5/4/1990 16:00:00,428.6
5/11/1990 16:00:00,438.1
5/18/1990 16:00:00,448.3
5/25/1990 16:00:00,453.7
6/1/1990 16:00:00,462.1
6/8/1990 16:00:00,460.9
6/15/1990 16:00:00,467.6
6/22/1990 16:00:00,459.3
6/29/1990 16:00:00,462.3
7/6/1990 16:00:00,460.5
7/13/1990 16:00:00,468.4
7/20/1990 16:00:00,455.3
7/27/1990 16:00:00,442.6
8/3/1990 16:00:00,417.5
8/10/1990 16:00:00,408
8/17/1990 16:00:00,393.5
8/24/1990 16:00:00,367.3
8/31/1990 16:00:00,381.2
9/7/1990 16:00:00,380.4
9/14/1990 16:00:00,374.4
9/21/1990 16:00:00,362.3
9/28/1990 16:00:00,344.5
10/5/1990 16:00:00,347.4
10/12/1990 16:00:00,327.6
10/19/1990 16:00:00,337.4
10/26/1990 16:00:00,334.4
11/2/1990 16:00:00,336.5
11/9/1990 16:00:00,342
11/16/1990 16:00:00,350.9
11/23/1990 16:00:00,349
11/30/1990 16:00:00,359.1
12/7/1990 16:00:00,371.5
12/14/1990 16:00:00,368.8
12/21/1990 16:00:00,373.6
12/28/1990 16:00:00,371.2
1/4/1991 16:00:00,367.2
1/11/1991 16:00:00,361.8
1/18/1991 16:00:00,377
1/25/1991 16:00:00,394.3
2/1/1991 16:00:00,417.7
2/8/1991 16:00:00,436.8
2/15/1991 16:00:00,448.7
2/22/1991 16:00:00,449
3/1/1991 16:00:00,456.7
3/8/1991 16:00:00,475.11
3/15/1991 16:00:00,466.29
3/22/1991 16:00:00,464.15
3/28/1991 16:00:00,482.3
4/5/1991 16:00:00,495.79
4/12/1991 16:00:00,501.62
4/19/1991 16:00:00,501.19
4/26/1991 16:00:00,494.64
5/3/1991 16:00:00,492.1
5/10/1991 16:00:00,493.42
5/17/1991 16:00:00,481.38
5/24/1991 16:00:00,492.67
5/31/1991 16:00:00,506.11
6/7/1991 16:00:00,498.54
6/14/1991 16:00:00,495.07
6/21/1991 16:00:00,485.82
6/28/1991 16:00:00,475.92
7/5/1991 16:00:00,474.05
7/12/1991 16:00:00,492.71
7/19/1991 16:00:00,497.55
7/26/1991 16:00:00,492.69
8/2/1991 16:00:00,505.67
8/9/1991 16:00:00,508.31
8/16/1991 16:00:00,512.47
8/23/1991 16:00:00,521.06
8/30/1991 16:00:00,525.68
9/6/1991 16:00:00,516.94
9/13/1991 16:00:00,516.71
9/20/1991 16:00:00,527.19
9/27/1991 16:00:00,524.48
10/4/1991 16:00:00,520.4
10/11/1991 16:00:00,519.05
10/18/1991 16:00:00,538.9
10/25/1991 16:00:00,525.13
11/1/1991 16:00:00,540.93
11/8/1991 16:00:00,548.08
11/15/1991 16:00:00,531.29
11/22/1991 16:00:00,526.46
11/29/1991 16:00:00,523.9
12/6/1991 16:00:00,536.3
12/13/1991 16:00:00,540.9
12/20/1991 16:00:00,535.76
12/27/1991 16:00:00,565.71
1/3/1992 16:00:00,592.65
1/10/1992 16:00:00,615.7
1/17/1992 16:00:00,626.85
1/24/1992 16:00:00,624.68
1/31/1992 16:00:00,620.21
2/7/1992 16:00:00,634.95
2/14/1992 16:00:00,636.43
2/21/1992 16:00:00,629.75
2/28/1992 16:00:00,633.47
3/6/1992 16:00:00,615.95
3/13/1992 16:00:00,618.62
3/20/1992 16:00:00,624.28
3/27/1992 16:00:00,604.67
4/3/1992 16:00:00,590.01
4/10/1992 16:00:00,584.24
4/16/1992 16:00:00,591.81
4/24/1992 16:00:00,572.89
5/1/1992 16:00:00,578.14
5/8/1992 16:00:00,585.76
5/15/1992 16:00:00,574.43
5/22/1992 16:00:00,580.3
5/29/1992 16:00:00,585.31
6/5/1992 16:00:00,585.43
6/12/1992 16:00:00,569.52
6/19/1992 16:00:00,554.2
6/26/1992 16:00:00,547.84
7/2/1992 16:00:00,563.35
7/10/1992 16:00:00,567.8
7/17/1992 16:00:00,570.52
7/24/1992 16:00:00,565.61
7/31/1992 16:00:00,580.83
8/7/1992 16:00:00,573.74
8/14/1992 16:00:00,573.18
8/21/1992 16:00:00,563.7
8/28/1992 16:00:00,563.56
9/4/1992 16:00:00,573.44
9/11/1992 16:00:00,583.01
9/18/1992 16:00:00,589.12
9/25/1992 16:00:00,577.2
10/2/1992 16:00:00,571.63
10/9/1992 16:00:00,570.52
10/16/1992 16:00:00,582.61
10/23/1992 16:00:00,597.3
10/30/1992 16:00:00,605.17
11/6/1992 16:00:00,616.82
11/13/1992 16:00:00,637.16
11/20/1992 16:00:00,642.6
11/27/1992 16:00:00,649.49
12/4/1992 16:00:00,661.6
12/11/1992 16:00:00,655.79
12/18/1992 16:00:00,661.29
12/24/1992 16:00:00,665.88
12/31/1992 16:00:00,676.95
1/8/1993 16:00:00,677.21
1/15/1993 16:00:00,697.15
1/22/1993 16:00:00,701.63
1/29/1993 16:00:00,696.34
2/5/1993 16:00:00,700.98
2/12/1993 16:00:00,690.54
2/19/1993 16:00:00,663.61
2/26/1993 16:00:00,670.77
3/5/1993 16:00:00,681.37
3/12/1993 16:00:00,692.78
3/19/1993 16:00:00,682.72
3/26/1993 16:00:00,681.54
4/2/1993 16:00:00,669.85
4/8/1993 16:00:00,666.33
4/16/1993 16:00:00,666.78
4/23/1993 16:00:00,658.41
4/30/1993 16:00:00,661.42
5/7/1993 16:00:00,681.44
5/14/1993 16:00:00,676.37
5/21/1993 16:00:00,694.29
5/28/1993 16:00:00,700.53
6/4/1993 16:00:00,702.01
6/11/1993 16:00:00,693.19
6/18/1993 16:00:00,689.59
6/25/1993 16:00:00,694.81
7/2/1993 16:00:00,704.49
7/9/1993 16:00:00,705.81
7/16/1993 16:00:00,699.73
7/23/1993 16:00:00,700.24
7/30/1993 16:00:00,704.7
8/6/1993 16:00:00,718.08
8/13/1993 16:00:00,718.26
8/20/1993 16:00:00,730.96
8/27/1993 16:00:00,734.07
9/3/1993 16:00:00,749.71
9/10/1993 16:00:00,744.31
9/17/1993 16:00:00,740.11
9/24/1993 16:00:00,754.65
10/1/1993 16:00:00,763.23
10/8/1993 16:00:00,764.27
10/15/1993 16:00:00,787.42
10/22/1993 16:00:00,772.68
10/29/1993 16:00:00,779.26
11/5/1993 16:00:00,762.99
11/12/1993 16:00:00,779.32
11/19/1993 16:00:00,751.56
11/26/1993 16:00:00,754.87
12/3/1993 16:00:00,772.22
12/10/1993 16:00:00,760.74
12/17/1993 16:00:00,759.23
12/23/1993 16:00:00,758.7
12/31/1993 16:00:00,776.8
1/7/1994 16:00:00,782.94
1/14/1994 16:00:00,792.31
1/21/1994 16:00:00,794.28
1/28/1994 16:00:00,796.53
2/4/1994 16:00:00,777.28
2/11/1994 16:00:00,781.39
2/18/1994 16:00:00,788.85
2/25/1994 16:00:00,783.78
3/4/1994 16:00:00,790.55
3/11/1994 16:00:00,789.2
3/18/1994 16:00:00,803.93
3/25/1994 16:00:00,783.45
3/31/1994 16:00:00,743.46
4/8/1994 16:00:00,748.71
4/15/1994 16:00:00,727.97
4/22/1994 16:00:00,722.56
4/29/1994 16:00:00,733.84
5/6/1994 16:00:00,732.86
5/13/1994 16:00:00,716.92
5/20/1994 16:00:00,726.7
5/27/1994 16:00:00,733.14
6/3/1994 16:00:00,742.38
6/10/1994 16:00:00,734.25
6/17/1994 16:00:00,729.35
6/24/1994 16:00:00,693.79
7/1/1994 16:00:00,706.85
7/8/1994 16:00:00,707.46
7/15/1994 16:00:00,721.36
7/22/1994 16:00:00,716.68
7/29/1994 16:00:00,722.16
8/5/1994 16:00:00,718.67
8/12/1994 16:00:00,731.61
8/19/1994 16:00:00,742.43
8/26/1994 16:00:00,762.94
9/2/1994 16:00:00,759.23
9/9/1994 16:00:00,763.73
9/16/1994 16:00:00,777.91
9/23/1994 16:00:00,757.46
9/30/1994 16:00:00,764.29
10/7/1994 16:00:00,749.96
10/14/1994 16:00:00,767.08
10/21/1994 16:00:00,765.38
10/28/1994 16:00:00,776.15
11/4/1994 16:00:00,766.08
11/11/1994 16:00:00,762.12
11/18/1994 16:00:00,764.67
11/25/1994 16:00:00,742.52
12/2/1994 16:00:00,745.02
12/9/1994 16:00:00,719.05
12/16/1994 16:00:00,729.07
12/23/1994 16:00:00,742.19
12/30/1994 16:00:00,751.96
1/6/1995 16:00:00,749.69
1/13/1995 16:00:00,762.16
1/20/1995 16:00:00,762.05
1/27/1995 16:00:00,758.91
2/3/1995 16:00:00,772.06
2/10/1995 16:00:00,790.43
2/17/1995 16:00:00,786.97
2/24/1995 16:00:00,791.08
3/3/1995 16:00:00,798.79
3/10/1995 16:00:00,802.22
3/17/1995 16:00:00,808.33
3/24/1995 16:00:00,818.66
3/31/1995 16:00:00,817.21
4/7/1995 16:00:00,814.69
4/13/1995 16:00:00,832.64
4/21/1995 16:00:00,823.44
4/28/1995 16:00:00,843.98
5/5/1995 16:00:00,843.53
5/12/1995 16:00:00,858.94
5/19/1995 16:00:00,864.57
5/26/1995 16:00:00,871.87
6/2/1995 16:00:00,872.97
6/9/1995 16:00:00,884.38
6/16/1995 16:00:00,908.65
6/23/1995 16:00:00,938.87
6/30/1995 16:00:00,933.45
7/7/1995 16:00:00,969.76
7/14/1995 16:00:00,999.33
7/21/1995 16:00:00,961.77
7/28/1995 16:00:00,1005.28
8/4/1995 16:00:00,991.09
8/11/1995 16:00:00,1004.11
8/18/1995 16:00:00,1031.28
8/25/1995 16:00:00,1019.97
9/1/1995 16:00:00,1019.47
9/8/1995 16:00:00,1060.03
9/15/1995 16:00:00,1051.1
9/22/1995 16:00:00,1053.39
9/29/1995 16:00:00,1043.54
10/6/1995 16:00:00,1012.04
10/13/1995 16:00:00,1018.38
10/20/1995 16:00:00,1039.53
10/27/1995 16:00:00,1025.55
11/3/1995 16:00:00,1065.66
11/10/1995 16:00:00,1063.87
11/17/1995 16:00:00,1045.03
11/24/1995 16:00:00,1030.17
12/1/1995 16:00:00,1055.31
12/8/1995 16:00:00,1062.41
12/15/1995 16:00:00,1030.48
12/22/1995 16:00:00,1046.89
12/29/1995 16:00:00,1052.13
1/5/1996 16:00:00,1033.47
1/12/1996 16:00:00,1008.23
1/19/1996 16:00:00,1018.45
1/26/1996 16:00:00,1040.96
2/2/1996 16:00:00,1072.11
2/9/1996 16:00:00,1094.6
2/16/1996 16:00:00,1090.71
2/23/1996 16:00:00,1117.79
3/1/1996 16:00:00,1086.08
3/8/1996 16:00:00,1063.73
3/15/1996 16:00:00,1099.59
3/22/1996 16:00:00,1102.23
3/29/1996 16:00:00,1101.38
4/4/1996 16:00:00,1118.21
4/12/1996 16:00:00,1100.94
4/19/1996 16:00:00,1138.7
4/26/1996 16:00:00,1186.89
5/3/1996 16:00:00,1184.6
5/10/1996 16:00:00,1202.76
5/17/1996 16:00:00,1241.88
5/24/1996 16:00:00,1247.81
5/31/1996 16:00:00,1243.44
6/7/1996 16:00:00,1229.77
6/14/1996 16:00:00,1213.19
6/21/1996 16:00:00,1175.34
6/28/1996 16:00:00,1185.02
7/5/1996 16:00:00,1158.35
7/12/1996 16:00:00,1103.49
7/19/1996 16:00:00,1097.68
7/26/1996 16:00:00,1079.44
8/2/1996 16:00:00,1124.92
8/9/1996 16:00:00,1137.27
8/16/1996 16:00:00,1133.65
8/23/1996 16:00:00,1143.06
8/30/1996 16:00:00,1141.5
9/6/1996 16:00:00,1139.4
9/13/1996 16:00:00,1188.67
9/20/1996 16:00:00,1219.7
9/27/1996 16:00:00,1230.05
10/4/1996 16:00:00,1247.56
10/11/1996 16:00:00,1248.27
10/18/1996 16:00:00,1242.48
10/25/1996 16:00:00,1222.6
11/1/1996 16:00:00,1221.78
11/8/1996 16:00:00,1257.5
11/15/1996 16:00:00,1261.8
11/22/1996 16:00:00,1274.27
11/29/1996 16:00:00,1292.61
12/6/1996 16:00:00,1287.68
12/13/1996 16:00:00,1284.93
12/20/1996 16:00:00,1288.54
12/27/1996 16:00:00,1291.38
1/3/1997 16:00:00,1310.72
1/10/1997 16:00:00,1332.01
1/17/1997 16:00:00,1349.05
1/24/1997 16:00:00,1363.83
1/31/1997 16:00:00,1379.85
2/7/1997 16:00:00,1357.71
2/14/1997 16:00:00,1367.19
2/21/1997 16:00:00,1334.3
2/28/1997 16:00:00,1309
3/7/1997 16:00:00,1311.81
3/14/1997 16:00:00,1292.97
3/21/1997 16:00:00,1254.07
3/27/1997 16:00:00,1249.51
4/4/1997 16:00:00,1236.73
4/11/1997 16:00:00,1206.9
4/18/1997 16:00:00,1222.57
4/25/1997 16:00:00,1209.29
5/2/1997 16:00:00,1305.33
5/9/1997 16:00:00,1335.01
5/16/1997 16:00:00,1340.74
5/23/1997 16:00:00,1389.72
5/30/1997 16:00:00,1400.32
6/6/1997 16:00:00,1404.85
6/13/1997 16:00:00,1423.03
6/20/1997 16:00:00,1447.1
6/27/1997 16:00:00,1438.15
7/3/1997 16:00:00,1467.61
7/11/1997 16:00:00,1502.62
7/18/1997 16:00:00,1547.99
7/25/1997 16:00:00,1569.58
8/1/1997 16:00:00,1594.33
8/8/1997 16:00:00,1598.52
8/15/1997 16:00:00,1562.04
8/22/1997 16:00:00,1598.69
8/29/1997 16:00:00,1587.24
9/5/1997 16:00:00,1635.77
9/12/1997 16:00:00,1649.33
9/19/1997 16:00:00,1680.37
9/26/1997 16:00:00,1682.24
10/3/1997 16:00:00,1715.87
10/10/1997 16:00:00,1739.03
10/17/1997 16:00:00,1666.85
10/24/1997 16:00:00,1650.92
10/31/1997 16:00:00,1593.6
11/7/1997 16:00:00,1602.39
11/14/1997 16:00:00,1583.64
11/21/1997 16:00:00,1620.75
11/28/1997 16:00:00,1600.55
12/5/1997 16:00:00,1633.9
12/12/1997 16:00:00,1536.6
12/19/1997 16:00:00,1524.74
12/26/1997 16:00:00,1511.38
1/2/1998 16:00:00,1581.52
1/9/1998 16:00:00,1503.22
1/16/1998 16:00:00,1562.88
1/23/1998 16:00:00,1574.87
1/30/1998 16:00:00,1619.36
2/6/1998 16:00:00,1694.33
2/13/1998 16:00:00,1710.42
2/20/1998 16:00:00,1728.13
2/27/1998 16:00:00,1770.5
3/6/1998 16:00:00,1753.49
3/13/1998 16:00:00,1771.66
3/20/1998 16:00:00,1789.16
3/27/1998 16:00:00,1823.65
4/3/1998 16:00:00,1855.4
4/9/1998 16:00:00,1820.24
4/17/1998 16:00:00,1866.6
4/24/1998 16:00:00,1868.96
5/1/1998 16:00:00,1873.44
5/8/1998 16:00:00,1864.37
5/15/1998 16:00:00,1846.77
5/22/1998 16:00:00,1805
5/29/1998 16:00:00,1778.87
6/5/1998 16:00:00,1782.92
6/12/1998 16:00:00,1745.05
6/19/1998 16:00:00,1781.29
6/26/1998 16:00:00,1869.53
7/2/1998 16:00:00,1894
7/10/1998 16:00:00,1943.04
7/17/1998 16:00:00,2008.76
7/24/1998 16:00:00,1930.99
7/31/1998 16:00:00,1872.39
8/7/1998 16:00:00,1846.77
8/14/1998 16:00:00,1790.19
8/21/1998 16:00:00,1797.61
8/28/1998 16:00:00,1639.68
9/4/1998 16:00:00,1566.52
9/11/1998 16:00:00,1641.64
9/18/1998 16:00:00,1663.77
9/25/1998 16:00:00,1743.59
10/2/1998 16:00:00,1614.98
10/9/1998 16:00:00,1492.49
10/16/1998 16:00:00,1620.95
10/23/1998 16:00:00,1693.86
10/30/1998 16:00:00,1771.39
11/6/1998 16:00:00,1856.56
11/13/1998 16:00:00,1847.99
11/20/1998 16:00:00,1928.21
11/27/1998 16:00:00,2016.44
12/4/1998 16:00:00,2003.16
12/11/1998 16:00:00,2029.31
12/18/1998 16:00:00,2086.14
12/24/1998 16:00:00,2163.03
12/31/1998 16:00:00,2192.69
1/8/1999 16:00:00,2344.41
1/15/1999 16:00:00,2348.2
1/22/1999 16:00:00,2338.88
1/29/1999 16:00:00,2505.89
2/5/1999 16:00:00,2373.62
2/12/1999 16:00:00,2321.89
2/19/1999 16:00:00,2283.6
2/26/1999 16:00:00,2288.03
3/5/1999 16:00:00,2337.11
3/12/1999 16:00:00,2381.54
3/19/1999 16:00:00,2421.49
3/26/1999 16:00:00,2419.17
4/1/1999 16:00:00,2493.37
4/9/1999 16:00:00,2593.05
4/16/1999 16:00:00,2484.04
4/23/1999 16:00:00,2590.69
4/30/1999 16:00:00,2542.85
5/7/1999 16:00:00,2503.62
5/14/1999 16:00:00,2527.86
5/21/1999 16:00:00,2520.14
5/28/1999 16:00:00,2470.52
6/4/1999 16:00:00,2478.34
6/11/1999 16:00:00,2447.88
6/18/1999 16:00:00,2563.44
6/25/1999 16:00:00,2552.65
7/2/1999 16:00:00,2741.02
7/9/1999 16:00:00,2793.07
7/16/1999 16:00:00,2864.48
7/23/1999 16:00:00,2692.4
7/30/1999 16:00:00,2638.49
8/6/1999 16:00:00,2547.97
8/13/1999 16:00:00,2637.81
8/20/1999 16:00:00,2648.33
8/27/1999 16:00:00,2758.9
9/3/1999 16:00:00,2843.11
9/10/1999 16:00:00,2887.03
9/17/1999 16:00:00,2869.62
9/24/1999 16:00:00,2740.41
10/1/1999 16:00:00,2736.85
10/8/1999 16:00:00,2886.57
10/15/1999 16:00:00,2731.83
10/22/1999 16:00:00,2816.52
10/29/1999 16:00:00,2966.43
11/5/1999 16:00:00,3102.29
11/12/1999 16:00:00,3221.15
11/19/1999 16:00:00,3369.25
11/26/1999 16:00:00,3447.81
12/3/1999 16:00:00,3520.63
12/10/1999 16:00:00,3620.24
12/17/1999 16:00:00,3753.06
12/23/1999 16:00:00,3969.44
12/31/1999 16:00:00,4069.31
1/7/2000 16:00:00,3882.62
1/14/2000 16:00:00,4064.27
1/21/2000 16:00:00,4235.4
1/28/2000 16:00:00,3887.07
2/4/2000 16:00:00,4244.14
2/11/2000 16:00:00,4396.25
2/18/2000 16:00:00,4411.74
2/25/2000 16:00:00,4590.5
3/3/2000 16:00:00,4914.79
3/10/2000 16:00:00,5048.62
3/17/2000 16:00:00,4798.13
3/24/2000 16:00:00,4963.03
3/31/2000 16:00:00,4572.88
4/7/2000 16:00:00,4446.45
4/14/2000 16:00:00,3321.29
4/20/2000 16:00:00,3643.88
4/28/2000 16:00:00,3860.66
5/5/2000 16:00:00,3816.82
5/12/2000 16:00:00,3529.06
5/19/2000 16:00:00,3390.4
5/26/2000 16:00:00,3205.11
6/2/2000 16:00:00,3813.38
6/9/2000 16:00:00,3874.84
6/16/2000 16:00:00,3860.56
6/23/2000 16:00:00,3845.34
6/30/2000 16:00:00,3966.11
7/7/2000 16:00:00,4023.2
7/14/2000 16:00:00,4246.18
7/21/2000 16:00:00,4094.45
7/28/2000 16:00:00,3663
8/4/2000 16:00:00,3787.36
8/11/2000 16:00:00,3789.47
8/18/2000 16:00:00,3930.34
8/25/2000 16:00:00,4042.68
9/1/2000 16:00:00,4234.33
9/8/2000 16:00:00,3978.41
9/15/2000 16:00:00,3835.23
9/22/2000 16:00:00,3803.76
9/29/2000 16:00:00,3672.82
10/6/2000 16:00:00,3361.01
10/13/2000 16:00:00,3316.77
10/20/2000 16:00:00,3483.14
10/27/2000 16:00:00,3278.36
11/3/2000 16:00:00,3451.58
11/10/2000 16:00:00,3028.99
11/17/2000 16:00:00,3027.19
11/24/2000 16:00:00,2904.38
12/1/2000 16:00:00,2645.29
12/8/2000 16:00:00,2917.43
12/15/2000 16:00:00,2653.27
12/22/2000 16:00:00,2517.02
12/29/2000 16:00:00,2470.52
1/5/2001 16:00:00,2407.65
1/12/2001 16:00:00,2626.5
1/19/2001 16:00:00,2770.38
1/26/2001 16:00:00,2781.3
2/2/2001 16:00:00,2660.5
2/9/2001 16:00:00,2470.97
2/16/2001 16:00:00,2425.38
2/23/2001 16:00:00,2262.51
3/2/2001 16:00:00,2117.63
3/9/2001 16:00:00,2052.78
3/16/2001 16:00:00,1890.91
3/23/2001 16:00:00,1928.68
3/30/2001 16:00:00,1840.26
4/6/2001 16:00:00,1720.36
4/13/2001 16:00:00,1961.43
4/20/2001 16:00:00,2163.41
4/27/2001 16:00:00,2075.68
5/4/2001 16:00:00,2191.53
5/11/2001 16:00:00,2107.43
5/18/2001 16:00:00,2198.88
5/25/2001 16:00:00,2251.03
6/1/2001 16:00:00,2149.44
6/8/2001 16:00:00,2215.1
6/15/2001 16:00:00,2028.43
6/22/2001 16:00:00,2034.84
6/29/2001 16:00:00,2160.54
7/6/2001 16:00:00,2004.16
7/13/2001 16:00:00,2084.79
7/20/2001 16:00:00,2029.37
7/27/2001 16:00:00,2029.07
8/3/2001 16:00:00,2066.33
8/10/2001 16:00:00,1956.47
8/17/2001 16:00:00,1867.01
8/24/2001 16:00:00,1916.8
8/31/2001 16:00:00,1805.43
9/7/2001 16:00:00,1687.7
9/10/2001 16:00:00,1695.38
9/21/2001 16:00:00,1423.19
9/28/2001 16:00:00,1498.8
10/5/2001 16:00:00,1605.3
10/12/2001 16:00:00,1703.4
10/19/2001 16:00:00,1671.31
10/26/2001 16:00:00,1768.96
11/2/2001 16:00:00,1745.73
11/9/2001 16:00:00,1828.48
11/16/2001 16:00:00,1898.58
11/23/2001 16:00:00,1903.2
11/30/2001 16:00:00,1930.58
12/7/2001 16:00:00,2021.26
12/14/2001 16:00:00,1953.17
12/21/2001 16:00:00,1945.83
12/28/2001 16:00:00,1987.26
1/4/2002 16:00:00,2059.38
1/11/2002 16:00:00,2022.46
1/18/2002 16:00:00,1930.34
1/25/2002 16:00:00,1937.7
2/1/2002 16:00:00,1911.24
2/8/2002 16:00:00,1818.88
2/15/2002 16:00:00,1805.2
2/22/2002 16:00:00,1724.54
3/1/2002 16:00:00,1802.74
3/8/2002 16:00:00,1929.67
3/15/2002 16:00:00,1868.3
3/22/2002 16:00:00,1851.39
3/28/2002 16:00:00,1845.35
4/5/2002 16:00:00,1770.03
4/12/2002 16:00:00,1756.19
4/19/2002 16:00:00,1796.83
4/26/2002 16:00:00,1663.89
5/3/2002 16:00:00,1613.03
5/10/2002 16:00:00,1600.85
5/17/2002 16:00:00,1741.39
5/24/2002 16:00:00,1661.49
5/31/2002 16:00:00,1615.73
6/7/2002 16:00:00,1535.48
6/14/2002 16:00:00,1504.74
6/21/2002 16:00:00,1440.96
6/28/2002 16:00:00,1463.21
7/5/2002 16:00:00,1448.36
7/12/2002 16:00:00,1373.5
7/19/2002 16:00:00,1319.15
7/26/2002 16:00:00,1262.12
8/2/2002 16:00:00,1247.92
8/9/2002 16:00:00,1306.12
8/16/2002 16:00:00,1361.01
8/23/2002 16:00:00,1380.62
8/30/2002 16:00:00,1314.85
9/6/2002 16:00:00,1295.3
9/13/2002 16:00:00,1291.4
9/20/2002 16:00:00,1221.09
9/27/2002 16:00:00,1199.16
10/4/2002 16:00:00,1139.9
10/11/2002 16:00:00,1210.47
10/18/2002 16:00:00,1287.86
10/25/2002 16:00:00,1331.13
11/1/2002 16:00:00,1360.7
11/8/2002 16:00:00,1359.28
11/15/2002 16:00:00,1411.14
11/22/2002 16:00:00,1468.74
11/29/2002 16:00:00,1478.78
12/6/2002 16:00:00,1422.44
12/13/2002 16:00:00,1362.42
12/20/2002 16:00:00,1363.05
12/27/2002 16:00:00,1348.31
1/3/2003 16:00:00,1387.08
1/10/2003 16:00:00,1447.72
1/17/2003 16:00:00,1376.19
1/24/2003 16:00:00,1342.14
1/31/2003 16:00:00,1320.91
2/7/2003 16:00:00,1282.47
2/14/2003 16:00:00,1310.17
2/21/2003 16:00:00,1349.02
2/28/2003 16:00:00,1337.52
3/7/2003 16:00:00,1305.29
3/14/2003 16:00:00,1340.33
3/21/2003 16:00:00,1421.84
3/28/2003 16:00:00,1369.6
4/4/2003 16:00:00,1383.51
4/11/2003 16:00:00,1358.85
4/17/2003 16:00:00,1425.5
4/25/2003 16:00:00,1434.54
5/2/2003 16:00:00,1502.88
5/9/2003 16:00:00,1520.15
5/16/2003 16:00:00,1538.53
5/23/2003 16:00:00,1510.09
5/30/2003 16:00:00,1595.91
6/6/2003 16:00:00,1627.42
6/13/2003 16:00:00,1626.49
6/20/2003 16:00:00,1644.72
6/27/2003 16:00:00,1625.26
7/3/2003 16:00:00,1663.46
7/11/2003 16:00:00,1733.93
7/18/2003 16:00:00,1708.5
7/25/2003 16:00:00,1730.7
8/1/2003 16:00:00,1715.62
8/8/2003 16:00:00,1644.03
8/15/2003 16:00:00,1702.01
8/22/2003 16:00:00,1765.32
8/29/2003 16:00:00,1810.45
9/5/2003 16:00:00,1858.24
9/12/2003 16:00:00,1855.03
9/19/2003 16:00:00,1905.7
9/26/2003 16:00:00,1792.07
10/3/2003 16:00:00,1880.57
10/10/2003 16:00:00,1915.31
10/17/2003 16:00:00,1912.36
10/24/2003 16:00:00,1865.59
10/31/2003 16:00:00,1932.21
11/7/2003 16:00:00,1970.74
11/14/2003 16:00:00,1930.26
11/21/2003 16:00:00,1893.88
11/28/2003 16:00:00,1960.26
12/5/2003 16:00:00,1937.82
12/12/2003 16:00:00,1949
12/19/2003 16:00:00,1951.02
12/26/2003 16:00:00,1973.14
1/2/2004 16:00:00,2006.68
1/9/2004 16:00:00,2086.92
1/16/2004 16:00:00,2140.46
1/23/2004 16:00:00,2123.87
1/30/2004 16:00:00,2066.15
2/6/2004 16:00:00,2064.01
2/13/2004 16:00:00,2053.56
2/20/2004 16:00:00,2037.93
2/27/2004 16:00:00,2029.82
3/5/2004 16:00:00,2047.63
3/12/2004 16:00:00,1984.73
3/19/2004 16:00:00,1940.47
3/26/2004 16:00:00,1960.02
4/2/2004 16:00:00,2057.17
4/8/2004 16:00:00,2052.88
4/16/2004 16:00:00,1995.74
4/23/2004 16:00:00,2049.77
4/30/2004 16:00:00,1920.15
5/7/2004 16:00:00,1917.96
5/14/2004 16:00:00,1904.25
5/21/2004 16:00:00,1912.09
5/28/2004 16:00:00,1986.74
6/4/2004 16:00:00,1978.62
6/10/2004 16:00:00,1999.87
6/18/2004 16:00:00,1986.73
6/25/2004 16:00:00,2025.47
7/2/2004 16:00:00,2006.66
7/9/2004 16:00:00,1946.33
7/16/2004 16:00:00,1883.15
7/23/2004 16:00:00,1849.09
7/30/2004 16:00:00,1887.36
8/6/2004 16:00:00,1776.89
8/13/2004 16:00:00,1757.22
8/20/2004 16:00:00,1838.02
8/27/2004 16:00:00,1862.09
9/3/2004 16:00:00,1844.48
9/10/2004 16:00:00,1894.31
9/17/2004 16:00:00,1910.09
9/24/2004 16:00:00,1879.48
10/1/2004 16:00:00,1942.2
10/8/2004 16:00:00,1919.97
10/15/2004 16:00:00,1911.5
10/22/2004 16:00:00,1915.14
10/29/2004 16:00:00,1974.99
11/5/2004 16:00:00,2038.94
11/12/2004 16:00:00,2085.34
11/19/2004 16:00:00,2070.63
11/26/2004 16:00:00,2101.97
12/3/2004 16:00:00,2145.43
12/10/2004 16:00:00,2128.07
12/17/2004 16:00:00,2135.2
12/23/2004 16:00:00,2160.62
12/31/2004 16:00:00,2175.44
1/7/2005 16:00:00,2088.61
1/14/2005 16:00:00,2087.91
1/21/2005 16:00:00,2034.27
1/28/2005 16:00:00,2035.83
2/4/2005 16:00:00,2086.66
2/11/2005 16:00:00,2076.66
2/18/2005 16:00:00,2058.62
2/25/2005 16:00:00,2065.4
3/4/2005 16:00:00,2070.61
3/11/2005 16:00:00,2041.6
3/18/2005 16:00:00,2007.79
3/25/2005 16:00:00,1991.06
4/1/2005 16:00:00,1984.81
4/8/2005 16:00:00,1999.35
4/15/2005 16:00:00,1908.15
4/22/2005 16:00:00,1932.19
4/29/2005 16:00:00,1921.65
5/6/2005 16:00:00,1967.35
5/13/2005 16:00:00,1976.78
5/20/2005 16:00:00,2046.42
5/27/2005 16:00:00,2075.73
6/3/2005 16:00:00,2071.43
6/10/2005 16:00:00,2063
6/17/2005 16:00:00,2090.11
6/24/2005 16:00:00,2053.27
7/1/2005 16:00:00,2057.37
7/8/2005 16:00:00,2112.88
7/15/2005 16:00:00,2156.78
7/22/2005 16:00:00,2179.74
7/29/2005 16:00:00,2184.83
8/5/2005 16:00:00,2177.91
8/12/2005 16:00:00,2156.9
8/19/2005 16:00:00,2135.56
8/26/2005 16:00:00,2120.77
9/2/2005 16:00:00,2141.07
9/9/2005 16:00:00,2175.51
9/16/2005 16:00:00,2160.35
9/23/2005 16:00:00,2116.84
9/30/2005 16:00:00,2151.69
10/7/2005 16:00:00,2090.35
10/14/2005 16:00:00,2064.83
10/21/2005 16:00:00,2082.21
10/28/2005 16:00:00,2089.88
11/4/2005 16:00:00,2169.43
11/11/2005 16:00:00,2202.47
11/18/2005 16:00:00,2227.07
11/25/2005 16:00:00,2263.01
12/2/2005 16:00:00,2273.37
12/9/2005 16:00:00,2256.73
12/16/2005 16:00:00,2252.48
12/23/2005 16:00:00,2249.42
12/30/2005 16:00:00,2205.32
1/6/2006 16:00:00,2305.62
1/13/2006 16:00:00,2317.04
1/20/2006 16:00:00,2247.7
1/27/2006 16:00:00,2304.23
2/3/2006 16:00:00,2262.58
2/10/2006 16:00:00,2261.88
2/17/2006 16:00:00,2282.36
2/24/2006 16:00:00,2287.04
3/3/2006 16:00:00,2302.6
3/10/2006 16:00:00,2262.04
3/17/2006 16:00:00,2306.48
3/24/2006 16:00:00,2312.82
3/31/2006 16:00:00,2339.79
4/7/2006 16:00:00,2339.02
4/13/2006 16:00:00,2326.11
4/21/2006 16:00:00,2342.86
4/28/2006 16:00:00,2322.57
5/5/2006 16:00:00,2342.57
5/12/2006 16:00:00,2243.78
5/19/2006 16:00:00,2193.88
5/26/2006 16:00:00,2210.37
6/2/2006 16:00:00,2219.41
6/9/2006 16:00:00,2135.06
6/16/2006 16:00:00,2129.95
6/23/2006 16:00:00,2121.47
6/30/2006 16:00:00,2172.09
7/7/2006 16:00:00,2130.06
7/14/2006 16:00:00,2037.35
7/21/2006 16:00:00,2020.39
7/28/2006 16:00:00,2094.14
8/4/2006 16:00:00,2085.05
8/11/2006 16:00:00,2057.71
8/18/2006 16:00:00,2163.95
8/25/2006 16:00:00,2140.29
9/1/2006 16:00:00,2193.16
9/8/2006 16:00:00,2165.79
9/15/2006 16:00:00,2235.59
9/22/2006 16:00:00,2218.93
9/29/2006 16:00:00,2258.43
10/6/2006 16:00:00,2299.99
10/13/2006 16:00:00,2357.29
10/20/2006 16:00:00,2342.3
10/27/2006 16:00:00,2350.62
11/3/2006 16:00:00,2330.79
11/10/2006 16:00:00,2389.72
11/17/2006 16:00:00,2445.86
11/24/2006 16:00:00,2460.26
12/1/2006 16:00:00,2413.21
12/8/2006 16:00:00,2437.36
12/15/2006 16:00:00,2457.2
12/22/2006 16:00:00,2401.18
12/29/2006 16:00:00,2415.29
1/5/2007 16:00:00,2434.25
1/12/2007 16:00:00,2502.82
1/19/2007 16:00:00,2451.31
1/26/2007 16:00:00,2435.49
2/2/2007 16:00:00,2475.88
2/9/2007 16:00:00,2459.82
2/16/2007 16:00:00,2496.31
2/23/2007 16:00:00,2515.1
3/2/2007 16:00:00,2368
3/9/2007 16:00:00,2387.55
3/16/2007 16:00:00,2372.66
3/23/2007 16:00:00,2448.93
3/30/2007 16:00:00,2421.64
4/5/2007 16:00:00,2471.34
4/13/2007 16:00:00,2491.94
4/20/2007 16:00:00,2526.39
4/27/2007 16:00:00,2557.21
5/4/2007 16:00:00,2572.15
5/11/2007 16:00:00,2562.22
5/18/2007 16:00:00,2558.45
5/25/2007 16:00:00,2557.19
6/1/2007 16:00:00,2613.92
6/8/2007 16:00:00,2573.54
6/15/2007 16:00:00,2626.71
6/22/2007 16:00:00,2588.96
6/29/2007 16:00:00,2603.23
7/6/2007 16:00:00,2666.51
7/13/2007 16:00:00,2707
7/20/2007 16:00:00,2687.6
7/27/2007 16:00:00,2562.24
8/3/2007 16:00:00,2511.25
8/10/2007 16:00:00,2544.89
8/17/2007 16:00:00,2505.03
8/24/2007 16:00:00,2576.69
8/31/2007 16:00:00,2596.36
9/7/2007 16:00:00,2565.7
9/14/2007 16:00:00,2602.18
9/21/2007 16:00:00,2671.22
9/28/2007 16:00:00,2701.5
10/5/2007 16:00:00,2780.32
10/12/2007 16:00:00,2805.68
10/19/2007 16:00:00,2725.16
10/26/2007 16:00:00,2804.19
11/2/2007 16:00:00,2810.38
11/9/2007 16:00:00,2627.94
11/16/2007 16:00:00,2637.24
11/23/2007 16:00:00,2596.6
11/30/2007 16:00:00,2660.96
12/7/2007 16:00:00,2706.16
12/14/2007 16:00:00,2635.74
12/21/2007 16:00:00,2691.99
12/28/2007 16:00:00,2674.46
1/4/2008 16:00:00,2504.65
1/11/2008 16:00:00,2439.94
1/18/2008 16:00:00,2340.02
1/25/2008 16:00:00,2326.2
2/1/2008 16:00:00,2413.36
2/8/2008 16:00:00,2304.85
2/15/2008 16:00:00,2321.8
2/22/2008 16:00:00,2303.35
2/29/2008 16:00:00,2271.48
3/7/2008 16:00:00,2212.49
3/14/2008 16:00:00,2212.49
3/20/2008 16:00:00,2258.11
3/28/2008 16:00:00,2261.18
4/4/2008 16:00:00,2370.98
4/11/2008 16:00:00,2290.24
4/18/2008 16:00:00,2402.97
4/25/2008 16:00:00,2422.93
5/2/2008 16:00:00,2476.99
5/9/2008 16:00:00,2445.52
5/16/2008 16:00:00,2528.85
5/23/2008 16:00:00,2444.67
5/30/2008 16:00:00,2522.66
6/6/2008 16:00:00,2474.56
6/13/2008 16:00:00,2454.5
6/20/2008 16:00:00,2406.09
6/27/2008 16:00:00,2315.63
7/3/2008 16:00:00,2245.38
7/11/2008 16:00:00,2239.08
7/18/2008 16:00:00,2282.78
7/25/2008 16:00:00,2310.53
8/1/2008 16:00:00,2310.96
8/8/2008 16:00:00,2414.1
8/15/2008 16:00:00,2452.52
8/22/2008 16:00:00,2414.71
8/29/2008 16:00:00,2367.52
9/5/2008 16:00:00,2255.88
9/12/2008 16:00:00,2261.27
9/19/2008 16:00:00,2273.9
9/26/2008 16:00:00,2183.34
10/3/2008 16:00:00,1947.39
10/10/2008 16:00:00,1649.51
10/17/2008 16:00:00,1711.29
10/24/2008 16:00:00,1552.03
10/31/2008 16:00:00,1720.95
11/7/2008 16:00:00,1647.4
11/14/2008 16:00:00,1516.85
11/21/2008 16:00:00,1384.35
11/28/2008 16:00:00,1535.57
12/5/2008 16:00:00,1509.31
12/12/2008 16:00:00,1540.72
12/19/2008 16:00:00,1564.32
12/26/2008 16:00:00,1530.24
1/2/2009 16:00:00,1632.21
1/9/2009 16:00:00,1571.59
1/16/2009 16:00:00,1529.33
1/23/2009 16:00:00,1477.29
1/30/2009 16:00:00,1476.42
2/6/2009 16:00:00,1591.71
2/13/2009 16:00:00,1534.36
2/20/2009 16:00:00,1441.23
2/27/2009 16:00:00,1377.84
3/6/2009 16:00:00,1293.85
3/13/2009 16:00:00,1431.5
3/20/2009 16:00:00,1457.27
3/27/2009 16:00:00,1545.2
4/3/2009 16:00:00,1621.87
4/9/2009 16:00:00,1652.54
4/17/2009 16:00:00,1673.07
4/24/2009 16:00:00,1694.29
5/1/2009 16:00:00,1719.2
5/8/2009 16:00:00,1739
5/15/2009 16:00:00,1680.14
5/22/2009 16:00:00,1692.01
5/29/2009 16:00:00,1774.33
6/5/2009 16:00:00,1849.42
6/12/2009 16:00:00,1858.8
6/19/2009 16:00:00,1827.47
6/26/2009 16:00:00,1838.22
7/2/2009 16:00:00,1796.52
7/10/2009 16:00:00,1756.03
7/17/2009 16:00:00,1886.61
7/24/2009 16:00:00,1965.96
7/31/2009 16:00:00,1978.5
8/7/2009 16:00:00,2000.25
8/14/2009 16:00:00,1985.52
8/21/2009 16:00:00,2020.9
8/28/2009 16:00:00,2028.77
9/4/2009 16:00:00,2018.78
9/11/2009 16:00:00,2080.9
9/18/2009 16:00:00,2132.86
9/25/2009 16:00:00,2090.92
10/2/2009 16:00:00,2048.11
10/9/2009 16:00:00,2139.28
10/16/2009 16:00:00,2156.8
10/23/2009 16:00:00,2154.47
10/30/2009 16:00:00,2045.11
11/6/2009 16:00:00,2112.44
11/13/2009 16:00:00,2167.88
11/20/2009 16:00:00,2146.04
11/27/2009 16:00:00,2138.44
12/4/2009 16:00:00,2194.35
12/11/2009 16:00:00,2190.31
12/18/2009 16:00:00,2211.69
12/24/2009 16:00:00,2285.69
12/31/2009 16:00:00,2269.15
1/8/2010 16:00:00,2317.17
1/15/2010 16:00:00,2287.99
1/22/2010 16:00:00,2205.29
1/29/2010 16:00:00,2147.35
2/5/2010 16:00:00,2141.12
2/12/2010 16:00:00,2183.53
2/19/2010 16:00:00,2243.87
2/26/2010 16:00:00,2238.26
3/5/2010 16:00:00,2326.35
3/12/2010 16:00:00,2367.66
3/19/2010 16:00:00,2374.41
3/26/2010 16:00:00,2395.13
4/1/2010 16:00:00,2402.58
4/9/2010 16:00:00,2454.05
4/16/2010 16:00:00,2481.26
4/23/2010 16:00:00,2530.15
4/30/2010 16:00:00,2461.19
5/7/2010 16:00:00,2265.64
5/14/2010 16:00:00,2346.85
5/21/2010 16:00:00,2229.04
5/28/2010 16:00:00,2257.04
6/4/2010 16:00:00,2219.17
6/11/2010 16:00:00,2243.6
6/18/2010 16:00:00,2309.8
6/25/2010 16:00:00,2223.48
7/2/2010 16:00:00,2091.79
7/9/2010 16:00:00,2196.45
7/16/2010 16:00:00,2179.05
7/23/2010 16:00:00,2269.47
7/30/2010 16:00:00,2254.7
8/6/2010 16:00:00,2288.47
8/13/2010 16:00:00,2173.48
8/20/2010 16:00:00,2179.76
8/27/2010 16:00:00,2153.63
9/3/2010 16:00:00,2233.75
9/10/2010 16:00:00,2242.48
9/17/2010 16:00:00,2315.61
9/24/2010 16:00:00,2381.22
10/1/2010 16:00:00,2370.75
10/8/2010 16:00:00,2401.91
10/15/2010 16:00:00,2468.77
10/22/2010 16:00:00,2479.39
10/29/2010 16:00:00,2507.41
11/5/2010 16:00:00,2578.98
11/12/2010 16:00:00,2518.21
11/19/2010 16:00:00,2518.12
11/26/2010 16:00:00,2534.56
12/3/2010 16:00:00,2591.46
12/10/2010 16:00:00,2637.54
12/17/2010 16:00:00,2642.97
12/23/2010 16:00:00,2665.6
12/31/2010 16:00:00,2652.87
1/7/2011 16:00:00,2703.17
1/14/2011 16:00:00,2755.3
1/21/2011 16:00:00,2689.54
1/28/2011 16:00:00,2686.89
2/4/2011 16:00:00,2769.3
2/11/2011 16:00:00,2809.44
2/18/2011 16:00:00,2833.95
2/25/2011 16:00:00,2781.05
3/4/2011 16:00:00,2784.67
3/11/2011 16:00:00,2715.61
3/18/2011 16:00:00,2643.67
3/25/2011 16:00:00,2743.06
4/1/2011 16:00:00,2789.6
4/8/2011 16:00:00,2780.41
4/15/2011 16:00:00,2764.65
4/21/2011 16:00:00,2820.16
4/29/2011 16:00:00,2873.54
5/6/2011 16:00:00,2827.56
5/13/2011 16:00:00,2828.47
5/20/2011 16:00:00,2803.32
5/27/2011 16:00:00,2796.86
6/3/2011 16:00:00,2732.78
6/10/2011 16:00:00,2643.73
6/17/2011 16:00:00,2616.48
6/24/2011 16:00:00,2652.89
7/1/2011 16:00:00,2816.03
7/8/2011 16:00:00,2859.81
7/15/2011 16:00:00,2789.8
7/22/2011 16:00:00,2858.83
7/29/2011 16:00:00,2756.38
8/5/2011 16:00:00,2532.41
8/12/2011 16:00:00,2507.98
8/19/2011 16:00:00,2341.84
8/26/2011 16:00:00,2479.85
9/2/2011 16:00:00,2480.33
9/9/2011 16:00:00,2467.99
9/16/2011 16:00:00,2622.31
9/23/2011 16:00:00,2483.23
9/30/2011 16:00:00,2415.4
10/7/2011 16:00:00,2479.35
10/14/2011 16:00:00,2667.85
10/21/2011 16:00:00,2637.46
10/28/2011 16:00:00,2737.15
11/4/2011 16:00:00,2686.15
11/11/2011 16:00:00,2678.75
11/18/2011 16:00:00,2572.5
11/25/2011 16:00:00,2441.51
12/2/2011 16:00:00,2626.93
12/9/2011 16:00:00,2646.85
12/16/2011 16:00:00,2555.33
12/23/2011 16:00:00,2618.64
12/30/2011 16:00:00,2605.15
1/6/2012 16:00:00,2674.22
1/13/2012 16:00:00,2710.67
1/20/2012 16:00:00,2786.7
1/27/2012 16:00:00,2816.55
2/3/2012 16:00:00,2905.66
2/10/2012 16:00:00,2903.88
2/17/2012 16:00:00,2951.78
2/24/2012 16:00:00,2963.75
3/2/2012 16:00:00,2976.19
3/9/2012 16:00:00,2988.34
3/16/2012 16:00:00,3055.26
3/23/2012 16:00:00,3067.92
3/30/2012 16:00:00,3091.57
4/5/2012 16:00:00,3080.5
4/13/2012 16:00:00,3011.33
4/20/2012 16:00:00,3000.45
4/27/2012 16:00:00,3069.2
5/4/2012 16:00:00,2956.34
5/11/2012 16:00:00,2933.82
5/18/2012 16:00:00,2778.79
5/25/2012 16:00:00,2837.53
6/1/2012 16:00:00,2747.48
6/8/2012 16:00:00,2858.42
6/15/2012 16:00:00,2872.8
6/22/2012 16:00:00,2892.42
6/29/2012 16:00:00,2935.05
7/6/2012 16:00:00,2937.33
7/13/2012 16:00:00,2908.47
7/20/2012 16:00:00,2925.3
7/27/2012 16:00:00,2958.09
8/3/2012 16:00:00,2967.9
8/10/2012 16:00:00,3020.86
8/17/2012 16:00:00,3076.59
8/24/2012 16:00:00,3069.79
8/31/2012 16:00:00,3066.96
9/7/2012 16:00:00,3136.42
9/14/2012 16:00:00,3183.95
9/21/2012 16:00:00,3179.96
9/28/2012 16:00:00,3116.23
10/5/2012 16:00:00,3136.19
10/12/2012 16:00:00,3044.11
10/19/2012 16:00:00,3005.62
10/26/2012 16:00:00,2987.95
11/2/2012 16:00:00,2982.13
11/9/2012 16:00:00,2904.87
11/16/2012 16:00:00,2853.13
11/23/2012 16:00:00,2966.85
11/30/2012 16:00:00,3010.24
12/7/2012 16:00:00,2978.04
12/14/2012 16:00:00,2971.33
12/21/2012 16:00:00,3021.01
12/28/2012 16:00:00,2960.31
1/4/2013 16:00:00,3101.66
1/11/2013 16:00:00,3125.63
1/18/2013 16:00:00,3134.71
1/25/2013 16:00:00,3149.71
2/1/2013 16:00:00,3179.1
2/8/2013 16:00:00,3193.87
2/15/2013 16:00:00,3192.03
2/22/2013 16:00:00,3161.82
3/1/2013 16:00:00,3169.74
3/8/2013 16:00:00,3244.37
3/15/2013 16:00:00,3249.07
3/22/2013 16:00:00,3245
3/28/2013 16:00:00,3267.52
4/5/2013 16:00:00,3203.86
4/12/2013 16:00:00,3294.95
4/19/2013 16:00:00,3206.06
4/26/2013 16:00:00,3279.26
5/3/2013 16:00:00,3378.63
5/10/2013 16:00:00,3436.58
5/17/2013 16:00:00,3498.97
5/24/2013 16:00:00,3459.14
5/31/2013 16:00:00,3455.91
6/7/2013 16:00:00,3469.22
6/14/2013 16:00:00,3423.56
6/21/2013 16:00:00,3357.25
6/28/2013 16:00:00,3403.25
7/5/2013 16:00:00,3479.38
7/12/2013 16:00:00,3600.08
7/19/2013 16:00:00,3587.61
7/26/2013 16:00:00,3613.16
8/2/2013 16:00:00,3689.59
8/9/2013 16:00:00,3660.11
8/16/2013 16:00:00,3602.78
8/23/2013 16:00:00,3657.79
8/30/2013 16:00:00,3589.87
9/6/2013 16:00:00,3660.01
9/13/2013 16:00:00,3722.18
9/20/2013 16:00:00,3774.73
9/27/2013 16:00:00,3781.59
10/4/2013 16:00:00,3807.75
10/11/2013 16:00:00,3791.87
10/18/2013 16:00:00,3914.28
10/25/2013 16:00:00,3943.36
11/1/2013 16:00:00,3922.04
11/8/2013 16:00:00,3919.23
11/15/2013 16:00:00,3985.97
11/22/2013 16:00:00,3991.65
11/29/2013 16:00:00,4059.89
12/6/2013 16:00:00,4062.52
12/13/2013 16:00:00,4000.98
12/20/2013 16:00:00,4104.74
12/27/2013 16:00:00,4156.59
1/3/2014 16:00:00,4131.91
1/10/2014 16:00:00,4174.66
1/17/2014 16:00:00,4197.58
1/24/2014 16:00:00,4128.17
1/31/2014 16:00:00,4103.88
2/7/2014 16:00:00,4125.86
2/14/2014 16:00:00,4244.03
2/21/2014 16:00:00,4263.41
2/28/2014 16:00:00,4308.12
3/7/2014 16:00:00,4336.22
3/14/2014 16:00:00,4245.4
3/21/2014 16:00:00,4276.79
3/28/2014 16:00:00,4155.76
4/4/2014 16:00:00,4127.73
4/11/2014 16:00:00,3999.73
4/17/2014 16:00:00,4095.52
4/25/2014 16:00:00,4075.56
5/2/2014 16:00:00,4123.9
5/9/2014 16:00:00,4071.87
5/16/2014 16:00:00,4090.59
5/23/2014 16:00:00,4185.81
5/30/2014 16:00:00,4242.62
6/6/2014 16:00:00,4321.4
6/13/2014 16:00:00,4310.65
6/20/2014 16:00:00,4368.04
6/27/2014 16:00:00,4397.93
7/3/2014 16:00:00,4485.93
7/11/2014 16:00:00,4415.49
7/18/2014 16:00:00,4432.15
7/25/2014 16:00:00,4449.56
8/1/2014 16:00:00,4352.64
8/8/2014 16:00:00,4370.9
8/15/2014 16:00:00,4464.93
8/22/2014 16:00:00,4538.55
8/29/2014 16:00:00,4580.27
9/5/2014 16:00:00,4582.9
9/12/2014 16:00:00,4567.6
9/19/2014 16:00:00,4579.79
9/26/2014 16:00:00,4512.19
10/3/2014 16:00:00,4475.62
10/10/2014 16:00:00,4276.24
10/17/2014 16:00:00,4258.44
10/24/2014 16:00:00,4483.72
10/31/2014 16:00:00,4630.74
11/7/2014 16:00:00,4632.53
11/14/2014 16:00:00,4688.54
11/21/2014 16:00:00,4712.97
11/28/2014 16:00:00,4791.63
12/5/2014 16:00:00,4780.76
12/12/2014 16:00:00,4653.6
12/19/2014 16:00:00,4765.38
12/26/2014 16:00:00,4806.86
1/2/2015 16:00:00,4726.81
1/9/2015 16:00:00,4704.07
1/16/2015 16:00:00,4634.38
1/23/2015 16:00:00,4757.88
1/30/2015 16:00:00,4635.24
2/6/2015 16:00:00,4744.4
2/13/2015 16:00:00,4893.84
2/20/2015 16:00:00,4955.97
2/27/2015 16:00:00,4963.53
3/6/2015 16:00:00,4927.37
3/13/2015 16:00:00,4871.76
3/20/2015 16:00:00,5026.42
3/27/2015 16:00:00,4891.22
4/2/2015 16:00:00,4886.94
4/10/2015 16:00:00,4995.98
4/17/2015 16:00:00,4931.81
4/24/2015 16:00:00,5092.08
5/1/2015 16:00:00,5005.39
5/8/2015 16:00:00,5003.55
5/15/2015 16:00:00,5048.29
5/22/2015 16:00:00,5089.36
5/29/2015 16:00:00,5070.03
6/5/2015 16:00:00,5068.46
6/12/2015 16:00:00,5051.1
6/19/2015 16:00:00,5117
6/26/2015 16:00:00,5080.51
7/2/2015 16:00:00,5009.21
7/10/2015 16:00:00,4997.7
7/17/2015 16:00:00,5210.14
7/24/2015 16:00:00,5088.63
7/31/2015 16:00:00,5128.28
8/7/2015 16:00:00,5043.54
8/14/2015 16:00:00,5048.24
8/21/2015 16:00:00,4706.04
8/28/2015 16:00:00,4828.32
9/4/2015 16:00:00,4683.92
9/11/2015 16:00:00,4822.34
9/18/2015 16:00:00,4827.23
9/25/2015 16:00:00,4686.5
10/2/2015 16:00:00,4707.78
10/9/2015 16:00:00,4830.47
10/16/2015 16:00:00,4886.69
10/23/2015 16:00:00,5031.86
10/30/2015 16:00:00,5053.75
11/6/2015 16:00:00,5147.12
11/13/2015 16:00:00,4927.88
11/20/2015 16:00:00,5104.92
11/27/2015 16:00:00,5127.52
12/4/2015 16:00:00,5142.27
12/11/2015 16:00:00,4933.47
12/18/2015 16:00:00,4923.08
12/24/2015 16:00:00,5048.49
12/31/2015 16:00:00,5007.41
1/8/2016 16:00:00,4643.63
1/15/2016 16:00:00,4488.42
1/22/2016 16:00:00,4591.18
1/29/2016 16:00:00,4613.95
2/5/2016 16:00:00,4363.14
2/12/2016 16:00:00,4337.51
2/19/2016 16:00:00,4504.43
2/26/2016 16:00:00,4590.47
3/4/2016 16:00:00,4717.02
3/11/2016 16:00:00,4748.47
3/18/2016 16:00:00,4795.65
3/24/2016 16:00:00,4773.5
4/1/2016 16:00:00,4914.54
4/8/2016 16:00:00,4850.69
4/15/2016 16:00:00,4938.22
4/22/2016 16:00:00,4906.23
4/29/2016 16:00:00,4775.36
5/6/2016 16:00:00,4736.16
5/13/2016 16:00:00,4717.68
5/20/2016 16:00:00,4769.56
5/27/2016 16:00:00,4933.5
6/3/2016 16:00:00,4942.52
6/10/2016 16:00:00,4894.55
6/17/2016 16:00:00,4800.34
6/24/2016 16:00:00,4707.98
7/1/2016 16:00:00,4862.57
7/8/2016 16:00:00,4956.76
7/15/2016 16:00:00,5029.59
7/22/2016 16:00:00,5100.16
7/29/2016 16:00:00,5162.13
8/5/2016 16:00:00,5221.12
8/12/2016 16:00:00,5232.89
8/19/2016 16:00:00,5238.38
8/26/2016 16:00:00,5218.92
9/2/2016 16:00:00,5249.9
9/9/2016 16:00:00,5125.91
9/16/2016 16:00:00,5244.57
9/23/2016 16:00:00,5305.75
9/30/2016 16:00:00,5312
10/7/2016 16:00:00,5292.4
10/14/2016 16:00:00,5214.16
10/21/2016 16:00:00,5257.4
10/28/2016 16:00:00,5190.1
11/4/2016 16:00:00,5046.37
11/11/2016 16:00:00,5237.11
11/18/2016 16:00:00,5321.51
11/25/2016 16:00:00,5398.92
12/2/2016 16:00:00,5255.65
12/9/2016 16:00:00,5444.5
12/16/2016 16:00:00,5437.16
12/23/2016 16:00:00,5462.69
12/30/2016 16:00:00,5383.12
1/6/2017 16:00:00,5521.06
1/13/2017 16:00:00,5574.12
1/20/2017 16:00:00,5555.33
1/27/2017 16:00:00,5660.78
2/3/2017 16:00:00,5666.77
2/10/2017 16:00:00,5734.13
2/17/2017 16:00:00,5838.58
2/24/2017 16:00:00,5845.31
3/3/2017 16:00:00,5870.75
3/10/2017 16:00:00,5861.73
3/17/2017 16:00:00,5901
3/24/2017 16:00:00,5828.74
3/31/2017 16:00:00,5911.74
4/7/2017 16:00:00,5877.81
4/13/2017 16:00:00,5805.15
4/21/2017 16:00:00,5910.52
4/28/2017 16:00:00,6047.61
5/5/2017 16:00:00,6100.76
5/12/2017 16:00:00,6121.23
5/19/2017 16:00:00,6083.7
5/26/2017 16:00:00,6210.19
6/2/2017 16:00:00,6305.8
6/9/2017 16:00:00,6207.92
6/16/2017 16:00:00,6151.76
6/23/2017 16:00:00,6265.25
6/30/2017 16:00:00,6140.42
7/7/2017 16:00:00,6153.08
7/14/2017 16:00:00,6312.47
7/21/2017 16:00:00,6387.75
7/28/2017 16:00:00,6374.68
8/4/2017 16:00:00,6351.56
8/11/2017 16:00:00,6256.56
8/18/2017 16:00:00,6216.53
8/25/2017 16:00:00,6265.64
9/1/2017 16:00:00,6435.33
9/8/2017 16:00:00,6360.19
9/15/2017 16:00:00,6448.47
9/22/2017 16:00:00,6426.92
9/29/2017 16:00:00,6495.96
10/6/2017 16:00:00,6590.18
10/13/2017 16:00:00,6605.8
10/20/2017 16:00:00,6629.05
10/27/2017 16:00:00,6701.26
11/3/2017 16:00:00,6764.44
11/10/2017 16:00:00,6750.94
11/17/2017 16:00:00,6782.79
11/24/2017 13:00:00,6889.16
12/1/2017 16:00:00,6847.59
12/8/2017 16:00:00,6840.08
12/15/2017 16:00:00,6936.58
12/22/2017 16:00:00,6959.96
12/29/2017 16:00:00,6903.39
1/5/2018 16:00:00,7136.56
1/12/2018 16:00:00,7261.06
1/19/2018 16:00:00,7336.38
1/26/2018 16:00:00,7505.77
2/2/2018 16:00:00,7240.95
2/9/2018 16:00:00,6874.49
2/16/2018 16:00:00,7239.47
2/23/2018 16:00:00,7337.39
3/2/2018 16:00:00,7257.87
3/9/2018 16:00:00,7560.81
3/16/2018 16:00:00,7481.99
3/23/2018 16:00:00,6992.67
3/29/2018 16:00:00,7063.45
4/6/2018 16:00:00,6915.11
4/13/2018 16:00:00,7106.65
4/20/2018 16:00:00,7146.13
4/27/2018 16:00:00,7119.8
5/4/2018 16:00:00,7209.62
5/11/2018 16:00:00,7402.88
5/18/2018 16:00:00,7354.34
5/25/2018 16:00:00,7433.85
6/1/2018 16:00:00,7554.33
6/8/2018 16:00:00,7645.51
6/15/2018 16:00:00,7746.38
6/22/2018 16:00:00,7692.82
6/29/2018 16:00:00,7510.3
7/6/2018 16:00:00,7688.39
7/13/2018 16:00:00,7825.98
7/20/2018 16:00:00,7820.2
7/27/2018 16:00:00,7737.42
8/3/2018 16:00:00,7812.02
8/10/2018 16:00:00,7839.11
8/17/2018 16:00:00,7816.33
8/24/2018 16:00:00,7945.98
8/31/2018 16:00:00,8109.54
9/7/2018 16:00:00,7902.54
9/14/2018 16:00:00,8010.04
9/21/2018 16:00:00,7986.96
9/28/2018 16:00:00,8046.35
10/5/2018 16:00:00,7788.45
10/12/2018 16:00:00,7496.89
10/19/2018 16:00:00,7449.03
10/26/2018 16:00:00,7167.21
11/2/2018 16:00:00,7356.99
11/9/2018 16:00:00,7406.9
11/16/2018 16:00:00,7247.87
11/23/2018 13:00:00,6938.98
11/30/2018 16:00:00,7330.54
12/7/2018 16:00:00,6969.25
12/14/2018 16:00:00,6910.67
12/21/2018 16:00:00,6332.99
12/28/2018 16:00:00,6584.52
1/4/2019 16:00:00,6738.86
1/11/2019 16:00:00,6971.48
1/18/2019 16:00:00,7157.23
1/25/2019 16:00:00,7164.86
2/1/2019 16:00:00,7263.87
2/8/2019 16:00:00,7298.2
2/15/2019 16:00:00,7472.41
2/22/2019 16:00:00,7527.55
3/1/2019 16:00:00,7595.35
3/8/2019 16:00:00,7408.14
3/15/2019 16:00:00,7688.53
3/22/2019 16:00:00,7642.67
3/29/2019 16:00:00,7729.32
4/5/2019 16:00:00,7938.69
4/12/2019 16:00:00,7984.16
4/18/2019 16:00:00,7998.06
4/26/2019 16:00:00,8146.4
5/3/2019 16:00:00,8164
5/10/2019 16:00:00,7916.94
5/17/2019 16:00:00,7816.29
5/24/2019 16:00:00,7637.01
5/31/2019 16:00:00,7453.15
6/7/2019 16:00:00,7742.1
6/14/2019 16:00:00,7796.66
6/21/2019 16:00:00,8031.71
6/28/2019 16:00:00,8006.24
7/5/2019 16:00:00,8161.79
7/12/2019 16:00:00,8244.14
7/19/2019 16:00:00,8146.49
7/26/2019 16:00:00,8330.21
8/2/2019 16:00:00,8004.07
8/9/2019 16:00:00,7959.14
8/16/2019 16:00:00,7895.99
8/23/2019 16:00:00,7751.77
8/30/2019 16:00:00,7962.88
9/6/2019 16:00:00,8103.07
9/13/2019 16:00:00,8176.71
9/20/2019 16:00:00,8117.67
9/27/2019 16:00:00,7939.63
10/4/2019 16:00:00,7982.46
10/11/2019 16:00:00,8057.04
10/18/2019 16:00:00,8089.54
10/25/2019 16:00:00,8243.12
11/1/2019 16:00:00,8386.4
11/8/2019 16:00:00,8475.31
11/15/2019 16:00:00,8540.83
11/22/2019 16:00:00,8519.89
11/29/2019 13:00:00,8665.47
12/6/2019 16:00:00,8656.53
12/13/2019 16:00:00,8734.88
12/20/2019 16:00:00,8924.96
12/27/2019 16:00:00,9006.62
1/3/2020 16:00:00,9020.77
1/10/2020 16:00:00,9178.86
1/17/2020 16:00:00,9388.94
1/24/2020 16:00:00,9314.91
1/31/2020 16:00:00,9150.94
2/7/2020 16:00:00,9520.51
2/14/2020 16:00:00,9731.18
2/21/2020 16:00:00,9576.59
2/28/2020 16:00:00,8567.37
3/6/2020 16:00:00,8575.62
3/13/2020 16:00:00,7874.88
3/20/2020 16:00:00,6879.52
3/27/2020 16:00:00,7502.38
4/3/2020 16:00:00,7373.08
4/9/2020 16:00:00,8153.58
4/17/2020 16:00:00,8650.14
4/24/2020 16:00:00,8634.52
5/1/2020 16:00:00,8604.95
5/8/2020 16:00:00,9121.32
5/15/2020 16:00:00,9014.56
5/22/2020 16:00:00,9324.59
5/29/2020 16:00:00,9489.87
6/5/2020 16:00:00,9814.08
6/12/2020 16:00:00,9588.81
6/19/2020 16:00:00,9946.12
6/26/2020 16:00:00,9757.22
7/2/2020 16:00:00,10207.63
7/10/2020 16:00:00,10617.44
7/17/2020 16:00:00,10503.19
7/24/2020 16:00:00,10363.18
7/31/2020 16:00:00,10745.28
8/7/2020 16:00:00,11010.98
8/14/2020 16:00:00,11019.3
8/21/2020 16:00:00,11311.8
8/28/2020 16:00:00,11695.63
9/4/2020 16:00:00,11313.13
9/11/2020 16:00:00,10853.55
9/18/2020 16:00:00,10793.28
9/25/2020 16:00:00,10913.56
10/2/2020 16:00:00,11075.02
10/9/2020 16:00:00,11579.94
10/16/2020 16:00:00,11671.56
10/23/2020 16:00:00,11548.28
10/30/2020 16:00:00,10911.59
11/6/2020 16:00:00,11895.23
11/13/2020 16:00:00,11829.29
11/20/2020 16:00:00,11854.97
11/27/2020 13:00:00,12205.85
12/4/2020 16:00:00,12464.23
12/11/2020 16:00:00,12377.87
12/18/2020 16:00:00,12755.64
12/24/2020 13:00:00,12804.73
12/31/2020 16:00:00,12888.28
1/8/2021 16:00:00,13201.98
1/15/2021 16:00:00,12998.5
1/22/2021 16:00:00,13543.06
1/29/2021 16:00:00,13070.7
2/5/2021 16:00:00,13856.3
2/12/2021 16:00:00,14095.47
2/19/2021 16:00:00,13874.46
2/26/2021 16:00:00,13192.35
3/5/2021 16:00:00,12920.15
3/12/2021 16:00:00,13319.87
3/19/2021 16:00:00,13215.24
3/26/2021 16:00:00,13138.73
4/1/2021 16:00:00,13480.11
4/9/2021 16:00:00,13900.19
4/16/2021 16:00:00,14052.34
4/23/2021 16:00:00,14016.81
4/30/2021 16:00:00,13962.68
5/7/2021 16:00:00,13752.24
5/14/2021 16:00:00,13429.98
5/21/2021 16:00:00,13470.99
5/28/2021 16:00:00,13748.74
6/4/2021 16:00:00,13814.49
6/11/2021 16:00:00,14069.42
6/18/2021 16:00:00,14030.38
6/25/2021 16:00:00,14360.39
7/2/2021 16:00:00,14639.33
7/9/2021 16:00:00,14701.92
7/16/2021 16:00:00,14427.24
7/23/2021 16:00:00,14836.99
7/30/2021 16:00:00,14672.68
8/6/2021 16:00:00,14835.76
8/13/2021 16:00:00,14822.9
8/20/2021 16:00:00,14714.66
8/27/2021 16:00:00,15129.5
9/3/2021 16:00:00,15363.52
9/10/2021 16:00:00,15115.49
9/17/2021 16:00:00,15043.97
9/24/2021 16:00:00,15047.7
10/1/2021 16:00:00,14566.7
10/8/2021 16:00:00,14579.54
10/15/2021 16:00:00,14897.34
10/22/2021 16:00:00,15090.2
10/29/2021 16:00:00,15498.39
11/5/2021 16:00:00,15971.59
11/12/2021 16:00:00,15860.96
11/19/2021 16:00:00,16057.44
11/26/2021 13:00:00,15491.66
12/3/2021 16:00:00,15085.47
12/10/2021 16:00:00,15630.6
12/17/2021 16:00:00,15169.68
12/23/2021 16:00:00,15653.37
12/31/2021 16:00:00,15644.97
1/7/2022 16:00:00,14935.9
1/14/2022 16:00:00,14893.75
1/21/2022 16:00:00,13768.92
1/28/2022 16:00:00,13770.57
2/4/2022 16:00:00,14098.01
2/11/2022 16:00:00,13791.15
2/18/2022 16:00:00,13548.07
2/25/2022 16:00:00,13694.62
3/4/2022 16:00:00,13313.44
3/11/2022 16:00:00,12843.81
3/18/2022 16:00:00,13893.84
3/25/2022 16:00:00,14169.3
4/1/2022 16:00:00,14261.5
4/8/2022 16:00:00,13711
4/14/2022 16:00:00,13351.08
4/22/2022 16:00:00,12839.29
4/29/2022 16:00:00,12334.64
5/6/2022 16:00:00,12144.66
5/13/2022 16:00:00,11805
5/20/2022 16:00:00,11354.62
5/27/2022 16:00:00,12131.13
6/3/2022 16:00:00,12012.73
6/10/2022 16:00:00,11340.02
6/17/2022 16:00:00,10798.35
6/24/2022 16:00:00,11607.62
7/1/2022 16:00:00,11127.85
7/8/2022 16:00:00,11635.31
7/15/2022 16:00:00,11452.42
7/22/2022 16:00:00,11834.11
7/29/2022 16:00:00,12390.69
8/5/2022 16:00:00,12657.56
8/12/2022 16:00:00,13047.19
8/19/2022 16:00:00,12705.22
8/26/2022 16:00:00,12141.71
9/2/2022 16:00:00,11630.86
9/9/2022 16:00:00,12112.31
9/16/2022 16:00:00,11448.4
9/23/2022 16:00:00,10867.93
9/30/2022 16:00:00,10575.62
10/7/2022 16:00:00,10652.41
10/14/2022 16:00:00,10321.39
10/21/2022 16:00:00,10859.72
10/28/2022 16:00:00,11102.45
11/4/2022 16:00:00,10475.25
11/11/2022 16:00:00,11323.33
11/18/2022 16:00:00,11146.06
11/25/2022 13:05:00,11226.36
12/2/2022 16:00:00,11461.5
12/9/2022 16:00:00,11004.62
12/16/2022 16:00:00,10705.41
12/23/2022 16:00:00,10497.86
12/30/2022 16:00:00,10466.48
1/6/2023 16:00:00,10569.29
1/13/2023 16:00:00,11079.16
1/20/2023 16:00:00,11140.43
1/27/2023 16:00:00,11621.71
2/3/2023 16:00:00,12006.96
2/10/2023 16:00:00,11718.12
2/17/2023 16:00:00,11787.27
2/24/2023 16:00:00,11394.94
3/3/2023 16:00:00,11689.01
3/10/2023 16:00:00,11138.89
3/17/2023 16:00:00,11630.51
3/24/2023 16:00:00,11823.96
3/31/2023 16:00:00,12221.91
4/6/2023 16:00:00,12087.96
4/14/2023 16:00:00,12123.47
4/21/2023 16:00:00,12072.46
4/28/2023 16:00:00,12226.58
5/5/2023 16:00:00,12235.41
5/12/2023 16:00:00,12284.74
5/19/2023 16:00:00,12657.9
5/26/2023 16:00:00,12975.69
6/2/2023 16:00:00,13240.77
6/9/2023 16:00:00,13259.14
6/16/2023 16:00:00,13689.57
6/23/2023 16:00:00,13492.52
6/30/2023 16:00:00,13787.92
7/7/2023 16:00:00,13660.72
7/14/2023 16:00:00,14113.7
7/21/2023 16:00:00,14032.81
7/28/2023 16:00:00,14316.66
8/4/2023 16:00:00,13892.07
8/11/2023 16:00:00,13644.85
8/18/2023 16:00:00,13290.78
8/25/2023 16:00:00,13590.65
9/1/2023 16:00:00,14031.82
9/8/2023 16:00:00,13761.53
9/15/2023 16:00:00,13708.34
9/22/2023 16:00:00,13211.81
9/29/2023 16:00:00,13219.32
10/6/2023 16:00:00,13431.34
10/13/2023 16:00:00,13407.23
10/20/2023 16:00:00,12983.81
10/27/2023 16:00:00,12643.01
11/3/2023 16:00:00,13478.28
11/10/2023 16:00:00,13798.11
11/17/2023 16:00:00,14125.48
11/24/2023 13:05:00,14250.86
12/1/2023 16:00:00,14305.03
12/8/2023 16:00:00,14403.97
12/15/2023 16:00:00,14813.92
12/22/2023 16:00:00,14992.97
12/29/2023 16:00:00,15011.35
1/5/2024 16:00:00,14524.07
1/12/2024 16:00:00,14972.76
1/19/2024 16:00:00,15310.97
1/26/2024 16:00:00,15455.36
2/2/2024 16:00:00,15628.95
2/9/2024 16:00:00,15990.66
2/16/2024 16:00:00,15775.65
2/23/2024 16:00:00,15996.82
3/1/2024 16:00:00,16274.94
3/8/2024 16:00:00,16085.11
3/15/2024 16:00:00,15973.17
3/22/2024 16:00:00,16428.82
3/28/2024 16:00:00,16379.46
4/5/2024 16:00:00,16248.52
4/12/2024 16:00:00,16175.09
4/19/2024 16:00:00,15282.01
4/26/2024 16:00:00,15927.9
5/3/2024 16:00:00,16156.33